,codigo_postal,localidade,distrito,latitude,longitude
0,1000,"São Jorge de Arroios, Lisboa",Lisboa,38.7071,-9.135489999999999
1,1001,"São Jorge de Arroios, Lisboa",Lisboa,38.7071,-9.135489999999999
2,1002,"São Jorge de Arroios, Lisboa",Lisboa,38.7071,-9.135489999999999
3,1006,"São Jorge de Arroios, Lisboa",Lisboa,38.7071,-9.135489999999999
4,1007,"São Jorge de Arroios, Lisboa",Lisboa,38.7071,-9.135489999999999
5,1008,"São Jorge de Arroios, Lisboa",Lisboa,38.7071,-9.135489999999999
6,1009,"São Jorge de Arroios, Lisboa",Lisboa,38.7071,-9.135489999999999
7,1011,"São Jorge de Arroios, Lisboa",Lisboa,38.7071,-9.135489999999999
8,1012,"São Jorge de Arroios, Lisboa",Lisboa,38.7071,-9.135489999999999
9,1013,"São Jorge de Arroios, Lisboa",Lisboa,38.7071,-9.135489999999999
10,1016,"São Jorge de Arroios, Lisboa",Lisboa,38.7071,-9.135489999999999
11,1017,"São Jorge de Arroios, Lisboa",Lisboa,38.7071,-9.135489999999999
12,1019,"São Jorge de Arroios, Lisboa",Lisboa,38.7071,-9.135489999999999
13,1048,"São Jorge de Arroios, Lisboa",Lisboa,38.7071,-9.135489999999999
14,1049,"São João de Deus, Lisboa",Lisboa,38.7071,-9.135489999999999
15,1050,"São Sebastião da Pedreira, Lisboa",Lisboa,38.7071,-9.135489999999999
16,1051,"São Jorge de Arroios, Lisboa",Lisboa,38.7071,-9.135489999999999
17,1052,"São Jorge de Arroios, Lisboa",Lisboa,38.7071,-9.135489999999999
18,1053,"São Jorge de Arroios, Lisboa",Lisboa,38.7071,-9.135489999999999
19,1054,"São Jorge de Arroios, Lisboa",Lisboa,38.7071,-9.135489999999999
20,1056,"São Jorge de Arroios, Lisboa",Lisboa,38.7071,-9.135489999999999
21,1057,"São Jorge de Arroios, Lisboa",Lisboa,38.7071,-9.135489999999999
22,1058,"São Jorge de Arroios, Lisboa",Lisboa,38.7071,-9.135489999999999
23,1059,"São Jorge de Arroios, Lisboa",Lisboa,38.7071,-9.135489999999999
24,1061,"São Jorge de Arroios, Lisboa",Lisboa,38.7071,-9.135489999999999
25,1062,"São Jorge de Arroios, Lisboa",Lisboa,38.7071,-9.135489999999999
26,1064,"São Jorge de Arroios, Lisboa",Lisboa,38.7071,-9.135489999999999
27,1066,"São Sebastião da Pedreira, Lisboa",Lisboa,38.7071,-9.135489999999999
28,1067,"Nossa Senhora de Fátima, Lisboa",Lisboa,38.7071,-9.135489999999999
29,1068,"São Sebastião da Pedreira, Lisboa",Lisboa,38.7071,-9.135489999999999
30,1069,"Coração de Jesus, Lisboa",Lisboa,38.7071,-9.135489999999999
31,1070,"Campolide, Lisboa",Lisboa,38.7071,-9.135489999999999
32,1071,"São Jorge de Arroios, Lisboa",Lisboa,38.7071,-9.135489999999999
33,1072,"São Jorge de Arroios, Lisboa",Lisboa,38.7071,-9.135489999999999
34,1074,"São Jorge de Arroios, Lisboa",Lisboa,38.7071,-9.135489999999999
35,1081,"São Jorge de Arroios, Lisboa",Lisboa,38.7071,-9.135489999999999
36,1092,"São Sebastião da Pedreira, Lisboa",Lisboa,38.7071,-9.135489999999999
37,1098,"Campolide, Lisboa",Lisboa,38.7071,-9.135489999999999
38,1099,"São Sebastião da Pedreira, Lisboa",Lisboa,38.7071,-9.135489999999999
39,1100,"Santa Justa, Lisboa",Lisboa,38.7071,-9.135489999999999
40,1101,"Santa Justa, Lisboa",Lisboa,38.7071,-9.135489999999999
41,1102,"Santa Justa, Lisboa",Lisboa,38.7071,-9.135489999999999
42,1103,"Santa Justa, Lisboa",Lisboa,38.7071,-9.135489999999999
43,1104,"Santa Justa, Lisboa",Lisboa,38.7071,-9.135489999999999
44,1106,"Santa Justa, Lisboa",Lisboa,38.7071,-9.135489999999999
45,1107,"Santa Justa, Lisboa",Lisboa,38.7071,-9.135489999999999
46,1108,"Santa Justa, Lisboa",Lisboa,38.7071,-9.135489999999999
47,1109,"Santa Justa, Lisboa",Lisboa,38.7071,-9.135489999999999
48,1111,"Santa Justa, Lisboa",Lisboa,38.7071,-9.135489999999999
49,1112,"Santa Justa, Lisboa",Lisboa,38.7071,-9.135489999999999
50,1113,"Santa Justa, Lisboa",Lisboa,38.7071,-9.135489999999999
51,1114,"Santa Justa, Lisboa",Lisboa,38.7071,-9.135489999999999
52,1116,"Santa Justa, Lisboa",Lisboa,38.7071,-9.135489999999999
53,1117,"Santa Justa, Lisboa",Lisboa,38.7071,-9.135489999999999
54,1118,"Santa Justa, Lisboa",Lisboa,38.7071,-9.135489999999999
55,1119,"Santa Justa, Lisboa",Lisboa,38.7071,-9.135489999999999
56,1121,"Santa Justa, Lisboa",Lisboa,38.7071,-9.135489999999999
57,1122,"Santa Justa, Lisboa",Lisboa,38.7071,-9.135489999999999
58,1123,"Santa Justa, Lisboa",Lisboa,38.7071,-9.135489999999999
59,1124,"Santa Justa, Lisboa",Lisboa,38.7071,-9.135489999999999
60,1126,"Santa Justa, Lisboa",Lisboa,38.7071,-9.135489999999999
61,1127,"Santa Justa, Lisboa",Lisboa,38.7071,-9.135489999999999
62,1128,"Santa Justa, Lisboa",Lisboa,38.7071,-9.135489999999999
63,1129,"Santa Justa, Lisboa",Lisboa,38.7071,-9.135489999999999
64,1131,"Santa Justa, Lisboa",Lisboa,38.7071,-9.135489999999999
65,1132,"Santa Justa, Lisboa",Lisboa,38.7071,-9.135489999999999
66,1133,"Santa Justa, Lisboa",Lisboa,38.7071,-9.135489999999999
67,1134,"Santa Justa, Lisboa",Lisboa,38.7071,-9.135489999999999
68,1144,"Santa Justa, Lisboa",Lisboa,38.7071,-9.135489999999999
69,1147,"Santa Justa, Lisboa",Lisboa,38.7071,-9.135489999999999
70,1149,"São Nicolau, Lisboa",Lisboa,38.7071,-9.135489999999999
71,1150,"Pena, Lisboa",Lisboa,38.7071,-9.135489999999999
72,1151,"Santa Justa, Lisboa",Lisboa,38.7071,-9.135489999999999
73,1166,"São José, Lisboa",Lisboa,38.7071,-9.135489999999999
74,1167,"São José, Lisboa",Lisboa,38.7071,-9.135489999999999
75,1169,"Anjos, Lisboa",Lisboa,38.7071,-9.135489999999999
76,1170,"Santa Engrácia, Lisboa",Lisboa,38.7071,-9.135489999999999
77,1171,"Santa Justa, Lisboa",Lisboa,38.7071,-9.135489999999999
78,1199,"Santa Engrácia, Lisboa",Lisboa,38.7071,-9.135489999999999
79,1200,"São Paulo, Lisboa",Lisboa,38.7071,-9.135489999999999
80,1201,"São Paulo, Lisboa",Lisboa,38.7071,-9.135489999999999
81,1208,"São Paulo, Lisboa",Lisboa,38.7071,-9.135489999999999
82,1209,"São Paulo, Lisboa",Lisboa,38.7071,-9.135489999999999
83,1249,"São Paulo, Lisboa",Lisboa,38.7071,-9.135489999999999
84,1250,"Santa Isabel, Lisboa",Lisboa,38.7071,-9.135489999999999
85,1251,"São Paulo, Lisboa",Lisboa,38.7071,-9.135489999999999
86,1269,"São Mamede, Lisboa",Lisboa,38.7071,-9.135489999999999
87,1300,"Alcântara, Lisboa",Lisboa,38.7071,-9.135489999999999
88,1301,"Alcântara, Lisboa",Lisboa,38.7071,-9.135489999999999
89,1349,"Santa Maria de Belém, Lisboa",Lisboa,38.7071,-9.135489999999999
90,1350,"Santo Condestável, Lisboa",Lisboa,38.7071,-9.135489999999999
91,1351,"Alcântara, Lisboa",Lisboa,38.7071,-9.135489999999999
92,1399,"Prazeres, Lisboa",Lisboa,38.7071,-9.135489999999999
93,1400,"Alcântara, Lisboa",Lisboa,38.7071,-9.135489999999999
94,1401,"Alcântara, Lisboa",Lisboa,38.7071,-9.135489999999999
95,1449,"São Francisco Xavier, Lisboa",Lisboa,38.7071,-9.135489999999999
96,1495,"Algés, Oeiras, Lisboa",Lisboa,38.7071,-9.135489999999999
97,1496,"Algés, Oeiras, Lisboa",Lisboa,38.7071,-9.135489999999999
98,1499,"Cruz Quebrada-Dafundo, Oeiras, Lisboa",Lisboa,38.7071,-9.135489999999999
99,1500,"São Domingos de Benfica, Lisboa",Lisboa,38.7071,-9.135489999999999
100,1501,"São Domingos de Benfica, Lisboa",Lisboa,38.7071,-9.135489999999999
101,1502,"São Domingos de Benfica, Lisboa",Lisboa,38.7071,-9.135489999999999
102,1503,"São Domingos de Benfica, Lisboa",Lisboa,38.7071,-9.135489999999999
103,1504,"São Domingos de Benfica, Lisboa",Lisboa,38.7071,-9.135489999999999
104,1506,"São Domingos de Benfica, Lisboa",Lisboa,38.7071,-9.135489999999999
105,1511,"São Domingos de Benfica, Lisboa",Lisboa,38.7071,-9.135489999999999
106,1512,"São Domingos de Benfica, Lisboa",Lisboa,38.7071,-9.135489999999999
107,1514,"São Domingos de Benfica, Lisboa",Lisboa,38.7071,-9.135489999999999
108,1516,"São Domingos de Benfica, Lisboa",Lisboa,38.7071,-9.135489999999999
109,1549,"Benfica, Lisboa",Lisboa,38.7071,-9.135489999999999
110,1600,"Nossa Senhora de Fátima, Lisboa",Lisboa,38.7071,-9.135489999999999
111,1601,"Nossa Senhora de Fátima, Lisboa",Lisboa,38.7071,-9.135489999999999
112,1649,"Nossa Senhora de Fátima, Lisboa",Lisboa,38.7071,-9.135489999999999
113,1675,"Pontinha, Odivelas, Lisboa",Lisboa,38.7071,-9.135489999999999
114,1676,"Pontinha, Odivelas, Lisboa",Lisboa,38.7071,-9.135489999999999
115,1679,"Pontinha, Odivelas, Lisboa",Lisboa,38.7071,-9.135489999999999
116,1685,"Caneças, Odivelas, Lisboa",Lisboa,38.7071,-9.135489999999999
117,1686,"Caneças, Odivelas, Lisboa",Lisboa,38.7071,-9.135489999999999
118,1689,"Famões, Odivelas, Lisboa",Lisboa,38.7071,-9.135489999999999
119,1700,"São João de Brito, Lisboa",Lisboa,38.7071,-9.135489999999999
120,1701,"São João de Brito, Lisboa",Lisboa,38.7071,-9.135489999999999
121,1702,"São João de Brito, Lisboa",Lisboa,38.7071,-9.135489999999999
122,1703,"São João de Brito, Lisboa",Lisboa,38.7071,-9.135489999999999
123,1704,"São João de Brito, Lisboa",Lisboa,38.7071,-9.135489999999999
124,1706,"São João de Brito, Lisboa",Lisboa,38.7071,-9.135489999999999
125,1707,"São João de Brito, Lisboa",Lisboa,38.7071,-9.135489999999999
126,1708,"São João de Brito, Lisboa",Lisboa,38.7071,-9.135489999999999
127,1709,"São João de Brito, Lisboa",Lisboa,38.7071,-9.135489999999999
128,1711,"São João de Brito, Lisboa",Lisboa,38.7071,-9.135489999999999
129,1713,"São João de Brito, Lisboa",Lisboa,38.7071,-9.135489999999999
130,1721,"São João de Brito, Lisboa",Lisboa,38.7071,-9.135489999999999
131,1748,"São João de Brito, Lisboa",Lisboa,38.7071,-9.135489999999999
132,1749,"Alvalade, Lisboa",Lisboa,38.7071,-9.135489999999999
133,1750,"Lumiar, Lisboa",Lisboa,38.7071,-9.135489999999999
134,1751,"São João de Brito, Lisboa",Lisboa,38.7071,-9.135489999999999
135,1769,"Lumiar, Lisboa",Lisboa,38.7071,-9.135489999999999
136,1800,"Marvila, Lisboa",Lisboa,38.7071,-9.135489999999999
137,1801,"Marvila, Lisboa",Lisboa,38.7071,-9.135489999999999
138,1802,"Marvila, Lisboa",Lisboa,38.7071,-9.135489999999999
139,1803,"Marvila, Lisboa",Lisboa,38.7071,-9.135489999999999
140,1804,"Marvila, Lisboa",Lisboa,38.7071,-9.135489999999999
141,1806,"Marvila, Lisboa",Lisboa,38.7071,-9.135489999999999
142,1807,"Marvila, Lisboa",Lisboa,38.7071,-9.135489999999999
143,1811,"Marvila, Lisboa",Lisboa,38.7071,-9.135489999999999
144,1849,"Marvila, Lisboa",Lisboa,38.7071,-9.135489999999999
145,1885,"Moscavide, Loures, Lisboa",Lisboa,38.7071,-9.135489999999999
146,1886,"Moscavide, Loures, Lisboa",Lisboa,38.7071,-9.135489999999999
147,1900,"Marvila, Lisboa",Lisboa,38.7071,-9.135489999999999
148,1901,"Marvila, Lisboa",Lisboa,38.7071,-9.135489999999999
149,1906,"Marvila, Lisboa",Lisboa,38.7071,-9.135489999999999
150,1911,"Marvila, Lisboa",Lisboa,38.7071,-9.135489999999999
151,1949,"Alto do Pina, Lisboa",Lisboa,38.7071,-9.135489999999999
152,1950,"Marvila, Lisboa",Lisboa,38.7071,-9.135489999999999
153,1951,"Marvila, Lisboa",Lisboa,38.7071,-9.135489999999999
154,1959,"Marvila, Lisboa",Lisboa,38.7071,-9.135489999999999
155,1990,"Santa Maria dos Olivais, Lisboa",Lisboa,38.7071,-9.135489999999999
156,1991,"Marvila, Lisboa",Lisboa,38.7071,-9.135489999999999
157,1998,"Santa Maria dos Olivais, Lisboa",Lisboa,38.7071,-9.135489999999999
158,1999,"Santa Maria dos Olivais, Lisboa",Lisboa,38.7071,-9.135489999999999
159,2050,"Azambuja, Lisboa",Lisboa,38.7071,-9.135489999999999
160,2051,"Aveiras de Cima, Azambuja, Lisboa",Lisboa,38.7071,-9.135489999999999
161,2054,"Vila Nova da Rainha, Azambuja, Lisboa",Lisboa,38.7071,-9.135489999999999
162,2065,"Alcoentre, Azambuja, Lisboa",Lisboa,38.7071,-9.135489999999999
163,2066,"Alcoentre, Azambuja, Lisboa",Lisboa,38.7071,-9.135489999999999
164,2530,"Lourinhã, Lisboa",Lisboa,38.7071,-9.135489999999999
165,2534,"Reguengo Grande, Lourinhã, Lisboa",Lisboa,38.7071,-9.135489999999999
166,2550,"Cadaval, Lisboa",Lisboa,38.7071,-9.135489999999999
167,2554,"Cadaval, Lisboa",Lisboa,38.7071,-9.135489999999999
168,2560,"São Pedro e São Tiago, Torres Vedras, Lisboa",Lisboa,38.7071,-9.135489999999999
169,2564,"São Pedro e São Tiago, Torres Vedras, Lisboa",Lisboa,38.7071,-9.135489999999999
170,2565,"Santa Maria e São Miguel, Torres Vedras, Lisboa",Lisboa,38.7071,-9.135489999999999
171,2566,"Santa Maria e São Miguel, Torres Vedras, Lisboa",Lisboa,38.7071,-9.135489999999999
172,2580,"Carregado, Alenquer, Lisboa",Lisboa,38.7071,-9.135489999999999
173,2581,"Santo Estevão, Alenquer, Lisboa",Lisboa,38.7071,-9.135489999999999
174,2584,"Carregado, Alenquer, Lisboa",Lisboa,38.7071,-9.135489999999999
175,2590,"Sobral de Monte Agraço, Lisboa",Lisboa,38.7071,-9.135489999999999
176,2591,"Sobral de Monte Agraço, Lisboa",Lisboa,38.7071,-9.135489999999999
177,2594,"Sobral de Monte Agraço, Lisboa",Lisboa,38.7071,-9.135489999999999
178,2600,"Vila Franca de Xira, Lisboa",Lisboa,38.7071,-9.135489999999999
179,2601,"Alhandra, Vila Franca de Xira, Lisboa",Lisboa,38.7071,-9.135489999999999
180,2605,"Monte Abraão, Sintra, Lisboa",Lisboa,38.7071,-9.135489999999999
181,2606,"Monte Abraão, Sintra, Lisboa",Lisboa,38.7071,-9.135489999999999
182,2609,"Belas, Sintra, Lisboa",Lisboa,38.7071,-9.135489999999999
183,2610,"Alfragide, Amadora, Lisboa",Lisboa,38.7071,-9.135489999999999
184,2611,"Alfragide, Amadora, Lisboa",Lisboa,38.7071,-9.135489999999999
185,2614,"Alfragide, Amadora, Lisboa",Lisboa,38.7071,-9.135489999999999
186,2615,"Alverca do Ribatejo, Vila Franca de Xira, Lisboa",Lisboa,38.7071,-9.135489999999999
187,2616,"Alverca do Ribatejo, Vila Franca de Xira, Lisboa",Lisboa,38.7071,-9.135489999999999
188,2619,"Alverca do Ribatejo, Vila Franca de Xira, Lisboa",Lisboa,38.7071,-9.135489999999999
189,2620,"Olival Basto, Odivelas, Lisboa",Lisboa,38.7071,-9.135489999999999
190,2621,"Póvoa de Santo Adrião, Odivelas, Lisboa",Lisboa,38.7071,-9.135489999999999
191,2625,"Póvoa de Santa Iria, Vila Franca de Xira, Lisboa",Lisboa,38.7071,-9.135489999999999
192,2626,"Vialonga, Vila Franca de Xira, Lisboa",Lisboa,38.7071,-9.135489999999999
193,2628,"Póvoa de Santa Iria, Vila Franca de Xira, Lisboa",Lisboa,38.7071,-9.135489999999999
194,2629,"Póvoa de Santa Iria, Vila Franca de Xira, Lisboa",Lisboa,38.7071,-9.135489999999999
195,2630,"Arruda dos Vinhos, Lisboa",Lisboa,38.7071,-9.135489999999999
196,2631,"Arruda dos Vinhos, Lisboa",Lisboa,38.7071,-9.135489999999999
197,2634,"Arruda dos Vinhos, Lisboa",Lisboa,38.7071,-9.135489999999999
198,2635,"Rio de Mouro, Sintra, Lisboa",Lisboa,38.7071,-9.135489999999999
199,2636,"Rio de Mouro, Sintra, Lisboa",Lisboa,38.7071,-9.135489999999999
200,2639,"Rio de Mouro, Sintra, Lisboa",Lisboa,38.7071,-9.135489999999999
201,2640,"Mafra, Lisboa",Lisboa,38.7071,-9.135489999999999
202,2641,"Mafra, Lisboa",Lisboa,38.7071,-9.135489999999999
203,2644,"Mafra, Lisboa",Lisboa,38.7071,-9.135489999999999
204,2645,"Alcabideche, Cascais, Lisboa",Lisboa,38.7071,-9.135489999999999
205,2646,"Alcabideche, Cascais, Lisboa",Lisboa,38.7071,-9.135489999999999
206,2649,"Alcabideche, Cascais, Lisboa",Lisboa,38.7071,-9.135489999999999
207,2650,"São Brás, Amadora, Lisboa",Lisboa,38.7071,-9.135489999999999
208,2651,"Alfragide, Amadora, Lisboa",Lisboa,38.7071,-9.135489999999999
209,2654,"São Brás, Amadora, Lisboa",Lisboa,38.7071,-9.135489999999999
210,2655,"Ericeira, Mafra, Lisboa",Lisboa,38.7071,-9.135489999999999
211,2656,"Ericeira, Mafra, Lisboa",Lisboa,38.7071,-9.135489999999999
212,2659,"Ericeira, Mafra, Lisboa",Lisboa,38.7071,-9.135489999999999
213,2660,"Frielas, Loures, Lisboa",Lisboa,38.7071,-9.135489999999999
214,2661,"São Julião do Tojal, Loures, Lisboa",Lisboa,38.7071,-9.135489999999999
215,2664,"São Julião do Tojal, Loures, Lisboa",Lisboa,38.7071,-9.135489999999999
216,2665,"Malveira, Mafra, Lisboa",Lisboa,38.7071,-9.135489999999999
217,2669,"Vila Franca do Rosário, Mafra, Lisboa",Lisboa,38.7071,-9.135489999999999
218,2670,"Santo Antão do Tojal, Loures, Lisboa",Lisboa,38.7071,-9.135489999999999
219,2671,"Bucelas, Loures, Lisboa",Lisboa,38.7071,-9.135489999999999
220,2674,"Loures, Lisboa",Lisboa,38.7071,-9.135489999999999
221,2675,"Odivelas, Lisboa",Lisboa,38.7071,-9.135489999999999
222,2676,"Odivelas, Lisboa",Lisboa,38.7071,-9.135489999999999
223,2680,"Camarate, Loures, Lisboa",Lisboa,38.7071,-9.135489999999999
224,2681,"Camarate, Loures, Lisboa",Lisboa,38.7071,-9.135489999999999
225,2685,"Prior Velho, Loures, Lisboa",Lisboa,38.7071,-9.135489999999999
226,2686,"Prior Velho, Loures, Lisboa",Lisboa,38.7071,-9.135489999999999
227,2688,"Prior Velho, Loures, Lisboa",Lisboa,38.7071,-9.135489999999999
228,2689,"Portela, Loures, Lisboa",Lisboa,38.7071,-9.135489999999999
229,2690,"Santa Iria de Azoia, Loures, Lisboa",Lisboa,38.7071,-9.135489999999999
230,2691,"Santa Iria de Azoia, Loures, Lisboa",Lisboa,38.7071,-9.135489999999999
231,2694,"Santa Iria de Azoia, Loures, Lisboa",Lisboa,38.7071,-9.135489999999999
232,2695,"Bobadela, Loures, Lisboa",Lisboa,38.7071,-9.135489999999999
233,2696,"São João da Talha, Loures, Lisboa",Lisboa,38.7071,-9.135489999999999
234,2699,"Bobadela, Loures, Lisboa",Lisboa,38.7071,-9.135489999999999
235,2700,"Venteira, Amadora, Lisboa",Lisboa,38.7071,-9.135489999999999
236,2701,"Venteira, Amadora, Lisboa",Lisboa,38.7071,-9.135489999999999
237,2704,"Venda Nova, Amadora, Lisboa",Lisboa,38.7071,-9.135489999999999
238,2705,"Colares, Sintra, Lisboa",Lisboa,38.7071,-9.135489999999999
239,2706,"Terrugem, Sintra, Lisboa",Lisboa,38.7071,-9.135489999999999
240,2709,"Terrugem, Sintra, Lisboa",Lisboa,38.7071,-9.135489999999999
241,2710,"Santa Maria e São Miguel, Sintra, Lisboa",Lisboa,38.7071,-9.135489999999999
242,2711,"Santa Maria e São Miguel, Sintra, Lisboa",Lisboa,38.7071,-9.135489999999999
243,2714,"Santa Maria e São Miguel, Sintra, Lisboa",Lisboa,38.7071,-9.135489999999999
244,2715,"Pero Pinheiro, Sintra, Lisboa",Lisboa,38.7071,-9.135489999999999
245,2716,"Pero Pinheiro, Sintra, Lisboa",Lisboa,38.7071,-9.135489999999999
246,2718,"Pero Pinheiro, Sintra, Lisboa",Lisboa,38.7071,-9.135489999999999
247,2719,"Terrugem, Sintra, Lisboa",Lisboa,38.7071,-9.135489999999999
248,2720,"Damaia, Amadora, Lisboa",Lisboa,38.7071,-9.135489999999999
249,2721,"Venteira, Amadora, Lisboa",Lisboa,38.7071,-9.135489999999999
250,2724,"Venteira, Amadora, Lisboa",Lisboa,38.7071,-9.135489999999999
251,2725,"Santa Maria e São Miguel, Sintra, Lisboa",Lisboa,38.7071,-9.135489999999999
252,2726,"Santa Maria e São Miguel, Sintra, Lisboa",Lisboa,38.7071,-9.135489999999999
253,2729,"Algueirão-Mem Martins, Sintra, Lisboa",Lisboa,38.7071,-9.135489999999999
254,2730,"Barcarena, Oeiras, Lisboa",Lisboa,38.7071,-9.135489999999999
255,2731,"Barcarena, Oeiras, Lisboa",Lisboa,38.7071,-9.135489999999999
256,2734,"Barcarena, Oeiras, Lisboa",Lisboa,38.7071,-9.135489999999999
257,2735,"Cacém, Sintra, Lisboa",Lisboa,38.7071,-9.135489999999999
258,2736,"Cacém, Sintra, Lisboa",Lisboa,38.7071,-9.135489999999999
259,2739,"São Marcos, Sintra, Lisboa",Lisboa,38.7071,-9.135489999999999
260,2740,"Porto Salvo, Oeiras, Lisboa",Lisboa,38.7071,-9.135489999999999
261,2741,"Porto Salvo, Oeiras, Lisboa",Lisboa,38.7071,-9.135489999999999
262,2744,"Porto Salvo, Oeiras, Lisboa",Lisboa,38.7071,-9.135489999999999
263,2745,"Monte Abraão, Sintra, Lisboa",Lisboa,38.7071,-9.135489999999999
264,2746,"Monte Abraão, Sintra, Lisboa",Lisboa,38.7071,-9.135489999999999
265,2749,"Massamá, Sintra, Lisboa",Lisboa,38.7071,-9.135489999999999
266,2750,"Cascais, Lisboa",Lisboa,38.7071,-9.135489999999999
267,2751,"Cascais, Lisboa",Lisboa,38.7071,-9.135489999999999
268,2754,"Cascais, Lisboa",Lisboa,38.7071,-9.135489999999999
269,2755,"Alcabideche, Cascais, Lisboa",Lisboa,38.7071,-9.135489999999999
270,2756,"Alcabideche, Cascais, Lisboa",Lisboa,38.7071,-9.135489999999999
271,2760,"Caxias, Oeiras, Lisboa",Lisboa,38.7071,-9.135489999999999
272,2761,"Caxias, Oeiras, Lisboa",Lisboa,38.7071,-9.135489999999999
273,2765,"Alcabideche, Cascais, Lisboa",Lisboa,38.7071,-9.135489999999999
274,2766,"Alcabideche, Cascais, Lisboa",Lisboa,38.7071,-9.135489999999999
275,2769,"Estoril, Cascais, Lisboa",Lisboa,38.7071,-9.135489999999999
276,2770,"Paço de Arcos, Oeiras, Lisboa",Lisboa,38.7071,-9.135489999999999
277,2771,"Paço de Arcos, Oeiras, Lisboa",Lisboa,38.7071,-9.135489999999999
278,2774,"Paço de Arcos, Oeiras, Lisboa",Lisboa,38.7071,-9.135489999999999
279,2775,"Carcavelos, Cascais, Lisboa",Lisboa,38.7071,-9.135489999999999
280,2776,"Carcavelos, Cascais, Lisboa",Lisboa,38.7071,-9.135489999999999
281,2779,"Parede, Cascais, Lisboa",Lisboa,38.7071,-9.135489999999999
282,2780,"Oeiras e São Julião Barra, Oeiras, Lisboa",Lisboa,38.7071,-9.135489999999999
283,2781,"Oeiras e São Julião Barra, Oeiras, Lisboa",Lisboa,38.7071,-9.135489999999999
284,2784,"Oeiras e São Julião Barra, Oeiras, Lisboa",Lisboa,38.7071,-9.135489999999999
285,2785,"São Domingos de Rana, Cascais, Lisboa",Lisboa,38.7071,-9.135489999999999
286,2786,"São Domingos de Rana, Cascais, Lisboa",Lisboa,38.7071,-9.135489999999999
287,2789,"São Domingos de Rana, Cascais, Lisboa",Lisboa,38.7071,-9.135489999999999
288,2790,"Queijas, Oeiras, Lisboa",Lisboa,38.7071,-9.135489999999999
289,2791,"Carnaxide, Oeiras, Lisboa",Lisboa,38.7071,-9.135489999999999
290,2794,"Queijas, Oeiras, Lisboa",Lisboa,38.7071,-9.135489999999999
291,2795,"Carnaxide, Oeiras, Lisboa",Lisboa,38.7071,-9.135489999999999
292,2796,"Carnaxide, Oeiras, Lisboa",Lisboa,38.7071,-9.135489999999999
293,2799,"Linda a Velha, Oeiras, Lisboa",Lisboa,38.7071,-9.135489999999999
294,2000,"São Nicolau, Santarém",Santarém,39.2362,-8.68707
295,2001,"Vale de Figueira, Santarém",Santarém,39.2362,-8.68707
296,2004,"São Nicolau, Santarém",Santarém,39.2362,-8.68707
297,2005,"Várzea, Santarém",Santarém,39.2362,-8.68707
298,2006,"Vale de Santarém, Santarém",Santarém,39.2362,-8.68707
299,2009,"São Nicolau, Santarém",Santarém,39.2362,-8.68707
300,2025,"Alcanede, Santarém",Santarém,39.2362,-8.68707
301,2026,"Tremês, Santarém",Santarém,39.2362,-8.68707
302,2040,"Rio Maior, Santarém",Santarém,39.2362,-8.68707
303,2041,"Rio Maior, Santarém",Santarém,39.2362,-8.68707
304,2070,"Cartaxo, Santarém",Santarém,39.2362,-8.68707
305,2071,"Cartaxo, Santarém",Santarém,39.2362,-8.68707
306,2080,"Almeirim, Santarém",Santarém,39.2362,-8.68707
307,2081,"Fazendas de Almeirim, Almeirim, Santarém",Santarém,39.2362,-8.68707
308,2090,"Alpiarça, Santarém",Santarém,39.2362,-8.68707
309,2091,"Alpiarça, Santarém",Santarém,39.2362,-8.68707
310,2100,"Coruche, Santarém",Santarém,39.2362,-8.68707
311,2101,"Couço, Coruche, Santarém",Santarém,39.2362,-8.68707
312,2120,"Salvaterra de Magos, Santarém",Santarém,39.2362,-8.68707
313,2121,"Salvaterra de Magos, Santarém",Santarém,39.2362,-8.68707
314,2124,"Salvaterra de Magos, Santarém",Santarém,39.2362,-8.68707
315,2125,"Marinhais, Salvaterra de Magos, Santarém",Santarém,39.2362,-8.68707
316,2126,"Muge, Salvaterra de Magos, Santarém",Santarém,39.2362,-8.68707
317,2130,"Benavente, Santarém",Santarém,39.2362,-8.68707
318,2131,"Benavente, Santarém",Santarém,39.2362,-8.68707
319,2135,"Samora Correia, Benavente, Santarém",Santarém,39.2362,-8.68707
320,2136,"Samora Correia, Benavente, Santarém",Santarém,39.2362,-8.68707
321,2139,"Samora Correia, Benavente, Santarém",Santarém,39.2362,-8.68707
322,2140,"Chamusca, Santarém",Santarém,39.2362,-8.68707
323,2141,"Chamusca, Santarém",Santarém,39.2362,-8.68707
324,2150,"Golegã, Santarém",Santarém,39.2362,-8.68707
325,2151,"Azinhaga, Golegã, Santarém",Santarém,39.2362,-8.68707
326,2154,"Golegã, Santarém",Santarém,39.2362,-8.68707
327,2200,"Alferrarede, Abrantes, Santarém",Santarém,39.2362,-8.68707
328,2201,"Mouriscas, Abrantes, Santarém",Santarém,39.2362,-8.68707
329,2205,"Rossio ao Sul do Tejo, Abrantes, Santarém",Santarém,39.2362,-8.68707
330,2206,"Rossio ao Sul do Tejo, Abrantes, Santarém",Santarém,39.2362,-8.68707
331,2230,"Alcaravela, Sardoal, Santarém",Santarém,39.2362,-8.68707
332,2231,"Sardoal, Santarém",Santarém,39.2362,-8.68707
333,2240,"Ferreira do Zêzere, Santarém",Santarém,39.2362,-8.68707
334,2241,"Ferreira do Zêzere, Santarém",Santarém,39.2362,-8.68707
335,2250,"Constância, Santarém",Santarém,39.2362,-8.68707
336,2251,"Constância, Santarém",Santarém,39.2362,-8.68707
337,2260,"Vila Nova da Barquinha, Santarém",Santarém,39.2362,-8.68707
338,2261,"Praia do Ribatejo, Vila Nova da Barquinha, Santarém",Santarém,39.2362,-8.68707
339,2300,"São João Batista, Tomar, Santarém",Santarém,39.2362,-8.68707
340,2304,"São João Batista, Tomar, Santarém",Santarém,39.2362,-8.68707
341,2305,"Além da Ribeira, Tomar, Santarém",Santarém,39.2362,-8.68707
342,2330,"São João Baptista, Entroncamento, Santarém",Santarém,39.2362,-8.68707
343,2334,"Nossa Senhora de Fátima, Entroncamento, Santarém",Santarém,39.2362,-8.68707
344,2350,"São Pedro, Torres Novas, Santarém",Santarém,39.2362,-8.68707
345,2354,"Zibreira, Torres Novas, Santarém",Santarém,39.2362,-8.68707
346,2380,"Alcanena, Santarém",Santarém,39.2362,-8.68707
347,2381,"Monsanto, Alcanena, Santarém",Santarém,39.2362,-8.68707
348,2384,"Alcanena, Santarém",Santarém,39.2362,-8.68707
349,2395,"Minde, Alcanena, Santarém",Santarém,39.2362,-8.68707
350,2396,"Minde, Alcanena, Santarém",Santarém,39.2362,-8.68707
351,2435,"Casal dos Bernardos, Ourém, Santarém",Santarém,39.2362,-8.68707
352,2436,"Olival, Ourém, Santarém",Santarém,39.2362,-8.68707
353,2490,"Nossa Senhora da Piedade, Ourém, Santarém",Santarém,39.2362,-8.68707
354,2494,"Nossa Senhora da Piedade, Ourém, Santarém",Santarém,39.2362,-8.68707
355,2495,"Fátima, Ourém, Santarém",Santarém,39.2362,-8.68707
356,6120,"Mação, Santarém",Santarém,39.2362,-8.68707
357,6121,"Mação, Santarém",Santarém,39.2362,-8.68707
358,2400,"Marrazes, Leiria",Leiria,39.7443,-8.80725
359,2401,"Marrazes, Leiria",Leiria,39.7443,-8.80725
360,2404,"Parceiros, Leiria",Leiria,39.7443,-8.80725
361,2405,"Maceira, Leiria",Leiria,39.7443,-8.80725
362,2406,"Maceira, Leiria",Leiria,39.7443,-8.80725
363,2410,"Barreira, Leiria",Leiria,39.7443,-8.80725
364,2411,"Marrazes, Leiria",Leiria,39.7443,-8.80725
365,2414,Leiria,Leiria,39.7443,-8.80725
366,2415,"Bidoeira de Cima, Leiria",Leiria,39.7443,-8.80725
367,2416,"Marrazes, Leiria",Leiria,39.7443,-8.80725
368,2419,"Marrazes, Leiria",Leiria,39.7443,-8.80725
369,2420,"Arrabal, Leiria",Leiria,39.7443,-8.80725
370,2421,"Caranguejeira, Leiria",Leiria,39.7443,-8.80725
371,2423,"Marrazes, Leiria",Leiria,39.7443,-8.80725
372,2424,"Arrabal, Leiria",Leiria,39.7443,-8.80725
373,2425,"Monte Real, Leiria",Leiria,39.7443,-8.80725
374,2426,"Monte Redondo, Leiria",Leiria,39.7443,-8.80725
375,2430,"Marinha Grande, Leiria",Leiria,39.7443,-8.80725
376,2431,"Marinha Grande, Leiria",Leiria,39.7443,-8.80725
377,2434,"Marinha Grande, Leiria",Leiria,39.7443,-8.80725
378,2440,"Batalha, Leiria",Leiria,39.7443,-8.80725
379,2441,"Batalha, Leiria",Leiria,39.7443,-8.80725
380,2445,"Marinha Grande, Leiria",Leiria,39.7443,-8.80725
381,2446,"Marinha Grande, Leiria",Leiria,39.7443,-8.80725
382,2450,"Nazaré, Leiria",Leiria,39.7443,-8.80725
383,2451,"Valado dos Frades, Nazaré, Leiria",Leiria,39.7443,-8.80725
384,2460,"Alcobaça, Leiria",Leiria,39.7443,-8.80725
385,2461,"Aljubarrota (Prazeres), Alcobaça, Leiria",Leiria,39.7443,-8.80725
386,2475,"Benedita, Alcobaça, Leiria",Leiria,39.7443,-8.80725
387,2476,"Benedita, Alcobaça, Leiria",Leiria,39.7443,-8.80725
388,2480,"Calvaria de Cima, Porto de Mós, Leiria",Leiria,39.7443,-8.80725
389,2481,"Calvaria de Cima, Porto de Mós, Leiria",Leiria,39.7443,-8.80725
390,2484,"São João Batista, Porto de Mós, Leiria",Leiria,39.7443,-8.80725
391,2485,"Mira de Aire, Porto de Mós, Leiria",Leiria,39.7443,-8.80725
392,2486,"Mira de Aire, Porto de Mós, Leiria",Leiria,39.7443,-8.80725
393,2496,"Santa Catarina da Serra, Leiria",Leiria,39.7443,-8.80725
394,2499,"Santa Catarina da Serra, Leiria",Leiria,39.7443,-8.80725
395,2500,"Nossa Senhora do Pópulo, Caldas da Rainha, Leiria",Leiria,39.7443,-8.80725
396,2501,"Nossa Senhora do Pópulo, Caldas da Rainha, Leiria",Leiria,39.7443,-8.80725
397,2504,"A dos Francos, Caldas da Rainha, Leiria",Leiria,39.7443,-8.80725
398,2510,"Santa Maria (Óbidos), Óbidos, Leiria",Leiria,39.7443,-8.80725
399,2511,"Santa Maria (Óbidos), Óbidos, Leiria",Leiria,39.7443,-8.80725
400,2520,"Ajuda, Peniche, Leiria",Leiria,39.7443,-8.80725
401,2524,"Ajuda, Peniche, Leiria",Leiria,39.7443,-8.80725
402,2525,"Atouguia da Baleia, Peniche, Leiria",Leiria,39.7443,-8.80725
403,2526,"Atouguia da Baleia, Peniche, Leiria",Leiria,39.7443,-8.80725
404,2540,"Bombarral, Leiria",Leiria,39.7443,-8.80725
405,2544,"Bombarral, Leiria",Leiria,39.7443,-8.80725
406,3100,"Pombal, Leiria",Leiria,39.7443,-8.80725
407,3101,"Pombal, Leiria",Leiria,39.7443,-8.80725
408,3104,"Pombal, Leiria",Leiria,39.7443,-8.80725
409,3105,"Almagreira, Pombal, Leiria",Leiria,39.7443,-8.80725
410,3106,"Meirinhas, Pombal, Leiria",Leiria,39.7443,-8.80725
411,3240,"Ansião, Leiria",Leiria,39.7443,-8.80725
412,3241,"Chão de Couce, Ansião, Leiria",Leiria,39.7443,-8.80725
413,3250,"Alvaiázere, Leiria",Leiria,39.7443,-8.80725
414,3251,"Pussos, Alvaiázere, Leiria",Leiria,39.7443,-8.80725
415,3254,"Alvaiázere, Leiria",Leiria,39.7443,-8.80725
416,3260,"Figueiró dos Vinhos, Leiria",Leiria,39.7443,-8.80725
417,3261,"Figueiró dos Vinhos, Leiria",Leiria,39.7443,-8.80725
418,3270,"Pedrógão Grande, Leiria",Leiria,39.7443,-8.80725
419,3271,"Pedrógão Grande, Leiria",Leiria,39.7443,-8.80725
420,3280,"Castanheira de Pêra, Leiria",Leiria,39.7443,-8.80725
421,3281,"Castanheira de Pêra, Leiria",Leiria,39.7443,-8.80725
422,2800,"Cova da Piedade, Almada, Setúbal",Setúbal,38.5245,-8.89307
423,2801,"Cova da Piedade, Almada, Setúbal",Setúbal,38.5245,-8.89307
424,2804,"Almada, Setúbal",Setúbal,38.5245,-8.89307
425,2805,"Cova da Piedade, Almada, Setúbal",Setúbal,38.5245,-8.89307
426,2806,"Cova da Piedade, Almada, Setúbal",Setúbal,38.5245,-8.89307
427,2809,"Cova da Piedade, Almada, Setúbal",Setúbal,38.5245,-8.89307
428,2810,"Laranjeiro, Almada, Setúbal",Setúbal,38.5245,-8.89307
429,2811,"Cova da Piedade, Almada, Setúbal",Setúbal,38.5245,-8.89307
430,2814,"Feijó, Almada, Setúbal",Setúbal,38.5245,-8.89307
431,2815,"Sobreda, Almada, Setúbal",Setúbal,38.5245,-8.89307
432,2819,"Sobreda, Almada, Setúbal",Setúbal,38.5245,-8.89307
433,2820,"Charneca da Caparica, Almada, Setúbal",Setúbal,38.5245,-8.89307
434,2821,"Charneca da Caparica, Almada, Setúbal",Setúbal,38.5245,-8.89307
435,2825,"Charneca da Caparica, Almada, Setúbal",Setúbal,38.5245,-8.89307
436,2826,"Trafaria, Almada, Setúbal",Setúbal,38.5245,-8.89307
437,2829,"Costa de Caparica, Almada, Setúbal",Setúbal,38.5245,-8.89307
438,2830,"Barreiro, Setúbal",Setúbal,38.5245,-8.89307
439,2831,"Coina, Barreiro, Setúbal",Setúbal,38.5245,-8.89307
440,2834,"Alto do Seixalinho, Barreiro, Setúbal",Setúbal,38.5245,-8.89307
441,2835,"Alhos Vedros, Moita, Setúbal",Setúbal,38.5245,-8.89307
442,2836,"Alhos Vedros, Moita, Setúbal",Setúbal,38.5245,-8.89307
443,2839,"Lavradio, Barreiro, Setúbal",Setúbal,38.5245,-8.89307
444,2840,"Arrentela, Seixal, Setúbal",Setúbal,38.5245,-8.89307
445,2841,"Arrentela, Seixal, Setúbal",Setúbal,38.5245,-8.89307
446,2844,"Arrentela, Seixal, Setúbal",Setúbal,38.5245,-8.89307
447,2845,"Amora, Seixal, Setúbal",Setúbal,38.5245,-8.89307
448,2846,"Amora, Seixal, Setúbal",Setúbal,38.5245,-8.89307
449,2848,"Amora, Seixal, Setúbal",Setúbal,38.5245,-8.89307
450,2855,"Corroios, Seixal, Setúbal",Setúbal,38.5245,-8.89307
451,2856,"Corroios, Seixal, Setúbal",Setúbal,38.5245,-8.89307
452,2860,"Moita, Setúbal",Setúbal,38.5245,-8.89307
453,2861,"Alhos Vedros, Moita, Setúbal",Setúbal,38.5245,-8.89307
454,2864,"Moita, Setúbal",Setúbal,38.5245,-8.89307
455,2865,"Fernão Ferro, Seixal, Setúbal",Setúbal,38.5245,-8.89307
456,2866,"Fernão Ferro, Seixal, Setúbal",Setúbal,38.5245,-8.89307
457,2870,"Montijo, Setúbal",Setúbal,38.5245,-8.89307
458,2871,"Montijo, Setúbal",Setúbal,38.5245,-8.89307
459,2890,"Alcochete, Setúbal",Setúbal,38.5245,-8.89307
460,2891,"Alcochete, Setúbal",Setúbal,38.5245,-8.89307
461,2894,"Alcochete, Setúbal",Setúbal,38.5245,-8.89307
462,2900,"São Julião, Setúbal",Setúbal,38.5245,-8.89307
463,2901,"São Julião, Setúbal",Setúbal,38.5245,-8.89307
464,2904,"Nossa Senhora da Anunciada, Setúbal",Setúbal,38.5245,-8.89307
465,2910,"São Sebastião, Setúbal",Setúbal,38.5245,-8.89307
466,2911,"São Julião, Setúbal",Setúbal,38.5245,-8.89307
467,2914,"São Sebastião, Setúbal",Setúbal,38.5245,-8.89307
468,2925,"São Simão, Setúbal",Setúbal,38.5245,-8.89307
469,2926,"São Simão, Setúbal",Setúbal,38.5245,-8.89307
470,2929,"São Lourenço, Setúbal",Setúbal,38.5245,-8.89307
471,2950,"Palmela, Setúbal",Setúbal,38.5245,-8.89307
472,2951,"Quinta do Anjo, Palmela, Setúbal",Setúbal,38.5245,-8.89307
473,2954,"Palmela, Setúbal",Setúbal,38.5245,-8.89307
474,2955,"Palmela, Setúbal",Setúbal,38.5245,-8.89307
475,2956,"Palmela, Setúbal",Setúbal,38.5245,-8.89307
476,2959,"Pinhal Novo, Palmela, Setúbal",Setúbal,38.5245,-8.89307
477,2965,"Marateca, Palmela, Setúbal",Setúbal,38.5245,-8.89307
478,2966,"Marateca, Palmela, Setúbal",Setúbal,38.5245,-8.89307
479,2970,"Castelo (Sesimbra), Sesimbra, Setúbal",Setúbal,38.5245,-8.89307
480,2971,"Castelo (Sesimbra), Sesimbra, Setúbal",Setúbal,38.5245,-8.89307
481,2975,"Quinta do Conde, Sesimbra, Setúbal",Setúbal,38.5245,-8.89307
482,2976,"Quinta do Conde, Sesimbra, Setúbal",Setúbal,38.5245,-8.89307
483,2985,"Santo Isidro de Pegões, Montijo, Setúbal",Setúbal,38.5245,-8.89307
484,2986,"Santo Isidro de Pegões, Montijo, Setúbal",Setúbal,38.5245,-8.89307
485,7500,"Santo André, Santiago do Cacém, Setúbal",Setúbal,38.5245,-8.89307
486,7501,"Santo André, Santiago do Cacém, Setúbal",Setúbal,38.5245,-8.89307
487,7520,"Sines, Setúbal",Setúbal,38.5245,-8.89307
488,7521,"Sines, Setúbal",Setúbal,38.5245,-8.89307
489,7540,"Santiago do Cacém, Setúbal",Setúbal,38.5245,-8.89307
490,7541,"Santiago do Cacém, Setúbal",Setúbal,38.5245,-8.89307
491,7555,"Cercal, Santiago do Cacém, Setúbal",Setúbal,38.5245,-8.89307
492,7556,"Cercal, Santiago do Cacém, Setúbal",Setúbal,38.5245,-8.89307
493,7565,"Ermidas-Sado, Santiago do Cacém, Setúbal",Setúbal,38.5245,-8.89307
494,7566,"Alvalade, Santiago do Cacém, Setúbal",Setúbal,38.5245,-8.89307
495,7570,"Grândola, Setúbal",Setúbal,38.5245,-8.89307
496,7571,"Grândola, Setúbal",Setúbal,38.5245,-8.89307
497,7580,"Santiago, Alcácer do Sal, Setúbal",Setúbal,38.5245,-8.89307
498,7581,"Santiago, Alcácer do Sal, Setúbal",Setúbal,38.5245,-8.89307
499,7595,"Torrão, Alcácer do Sal, Setúbal",Setúbal,38.5245,-8.89307
500,7596,"Torrão, Alcácer do Sal, Setúbal",Setúbal,38.5245,-8.89307
501,3000,"Santa Cruz, Coimbra",Coimbra,40.2115,-8.4292
502,3001,"Santa Cruz, Coimbra",Coimbra,40.2115,-8.4292
503,3004,"Santa Cruz, Coimbra",Coimbra,40.2115,-8.4292
504,3020,"Eiras, Coimbra",Coimbra,40.2115,-8.4292
505,3021,"Souselas, Coimbra",Coimbra,40.2115,-8.4292
506,3025,"Trouxemil, Coimbra",Coimbra,40.2115,-8.4292
507,3026,"Santa Cruz, Coimbra",Coimbra,40.2115,-8.4292
508,3030,"Santa Cruz, Coimbra",Coimbra,40.2115,-8.4292
509,3031,"Santa Cruz, Coimbra",Coimbra,40.2115,-8.4292
510,3034,"Santo António dos Olivais, Coimbra",Coimbra,40.2115,-8.4292
511,3040,"Taveiro, Coimbra",Coimbra,40.2115,-8.4292
512,3041,"Cernache, Coimbra",Coimbra,40.2115,-8.4292
513,3044,"Cernache, Coimbra",Coimbra,40.2115,-8.4292
514,3045,"São Martinho do Bispo, Coimbra",Coimbra,40.2115,-8.4292
515,3046,"Taveiro, Coimbra",Coimbra,40.2115,-8.4292
516,3048,"Taveiro, Coimbra",Coimbra,40.2115,-8.4292
517,3049,"Taveiro, Coimbra",Coimbra,40.2115,-8.4292
518,3060,"Cantanhede, Coimbra",Coimbra,40.2115,-8.4292
519,3061,"Ançã, Cantanhede, Coimbra",Coimbra,40.2115,-8.4292
520,3064,"Cantanhede, Coimbra",Coimbra,40.2115,-8.4292
521,3070,"Mira, Coimbra",Coimbra,40.2115,-8.4292
522,3071,"Praia de Mira, Mira, Coimbra",Coimbra,40.2115,-8.4292
523,3074,"Mira, Coimbra",Coimbra,40.2115,-8.4292
524,3080,"São Julião (Figueira da Foz), Figueira da Foz, Coimbra",Coimbra,40.2115,-8.4292
525,3081,"São Julião (Figueira da Foz), Figueira da Foz, Coimbra",Coimbra,40.2115,-8.4292
526,3084,"São Julião (Figueira da Foz), Figueira da Foz, Coimbra",Coimbra,40.2115,-8.4292
527,3090,"Marinha das Ondas, Figueira da Foz, Coimbra",Coimbra,40.2115,-8.4292
528,3091,"Santana, Figueira da Foz, Coimbra",Coimbra,40.2115,-8.4292
529,3094,"São Pedro, Figueira da Foz, Coimbra",Coimbra,40.2115,-8.4292
530,3130,"Soure, Coimbra",Coimbra,40.2115,-8.4292
531,3131,"Granja do Ulmeiro, Soure, Coimbra",Coimbra,40.2115,-8.4292
532,3140,"Carapinheira, Montemor-o-Velho, Coimbra",Coimbra,40.2115,-8.4292
533,3141,"Verride, Montemor-o-Velho, Coimbra",Coimbra,40.2115,-8.4292
534,3144,"Montemor-o-Velho, Coimbra",Coimbra,40.2115,-8.4292
535,3150,"Condeixa-a-Nova, Coimbra",Coimbra,40.2115,-8.4292
536,3151,"Condeixa-a-Nova, Coimbra",Coimbra,40.2115,-8.4292
537,3154,"Condeixa-a-Nova, Coimbra",Coimbra,40.2115,-8.4292
538,3200,"Lousã, Coimbra",Coimbra,40.2115,-8.4292
539,3201,"Serpins, Lousã, Coimbra",Coimbra,40.2115,-8.4292
540,3220,"Miranda do Corvo, Coimbra",Coimbra,40.2115,-8.4292
541,3221,"Miranda do Corvo, Coimbra",Coimbra,40.2115,-8.4292
542,3230,"Cumeeira, Penela, Coimbra",Coimbra,40.2115,-8.4292
543,3231,"São Miguel, Penela, Coimbra",Coimbra,40.2115,-8.4292
544,3234,"São Miguel, Penela, Coimbra",Coimbra,40.2115,-8.4292
545,3300,"Arganil, Coimbra",Coimbra,40.2115,-8.4292
546,3304,"São Martinho da Cortiça, Arganil, Coimbra",Coimbra,40.2115,-8.4292
547,3305,"Coja, Arganil, Coimbra",Coimbra,40.2115,-8.4292
548,3306,"Benfeita, Arganil, Coimbra",Coimbra,40.2115,-8.4292
549,3320,"Pampilhosa da Serra, Coimbra",Coimbra,40.2115,-8.4292
550,3321,"Pampilhosa da Serra, Coimbra",Coimbra,40.2115,-8.4292
551,3330,"Góis, Coimbra",Coimbra,40.2115,-8.4292
552,3331,"Góis, Coimbra",Coimbra,40.2115,-8.4292
553,3334,"Góis, Coimbra",Coimbra,40.2115,-8.4292
554,3350,"Poiares (Santo André), Vila Nova de Poiares, Coimbra",Coimbra,40.2115,-8.4292
555,3351,"Poiares (Santo André), Vila Nova de Poiares, Coimbra",Coimbra,40.2115,-8.4292
556,3360,"Sazes do Lorvão, Penacova, Coimbra",Coimbra,40.2115,-8.4292
557,3361,"São Pedro de Alva, Penacova, Coimbra",Coimbra,40.2115,-8.4292
558,3400,"Oliveira do Hospital, Coimbra",Coimbra,40.2115,-8.4292
559,3404,"Oliveira do Hospital, Coimbra",Coimbra,40.2115,-8.4292
560,3405,"Bobadela, Oliveira do Hospital, Coimbra",Coimbra,40.2115,-8.4292
561,3406,"Lagares da Beira, Oliveira do Hospital, Coimbra",Coimbra,40.2115,-8.4292
562,3420,"Tábua, Coimbra",Coimbra,40.2115,-8.4292
563,3421,"Midões, Tábua, Coimbra",Coimbra,40.2115,-8.4292
564,3050,"Mealhada, Aveiro",Aveiro,40.6412,-8.65362
565,3051,"Mealhada, Aveiro",Aveiro,40.6412,-8.65362
566,3054,"Mealhada, Aveiro",Aveiro,40.6412,-8.65362
567,3700,"São João da Madeira, Aveiro",Aveiro,40.6412,-8.65362
568,3701,"São João da Madeira, Aveiro",Aveiro,40.6412,-8.65362
569,3720,"Santiago de Riba-Ul, Oliveira de Azeméis, Aveiro",Aveiro,40.6412,-8.65362
570,3721,"Santiago de Riba-Ul, Oliveira de Azeméis, Aveiro",Aveiro,40.6412,-8.65362
571,3730,"Vila Chã, Vale de Cambra, Aveiro",Aveiro,40.6412,-8.65362
572,3731,"Vila Chã, Vale de Cambra, Aveiro",Aveiro,40.6412,-8.65362
573,3734,"Vila Chã, Vale de Cambra, Aveiro",Aveiro,40.6412,-8.65362
574,3740,"Sever do Vouga, Aveiro",Aveiro,40.6412,-8.65362
575,3741,"Pessegueiro do Vouga, Sever do Vouga, Aveiro",Aveiro,40.6412,-8.65362
576,3744,"Sever do Vouga, Aveiro",Aveiro,40.6412,-8.65362
577,3750,"Segadães, Águeda, Aveiro",Aveiro,40.6412,-8.65362
578,3751,"Espinhel, Águeda, Aveiro",Aveiro,40.6412,-8.65362
579,3754,"Barrô, Águeda, Aveiro",Aveiro,40.6412,-8.65362
580,3770,"Oliveira do Bairro, Aveiro",Aveiro,40.6412,-8.65362
581,3771,"Mamarrosa, Oliveira do Bairro, Aveiro",Aveiro,40.6412,-8.65362
582,3774,"Oliveira do Bairro, Aveiro",Aveiro,40.6412,-8.65362
583,3780,"Arcos, Anadia, Aveiro",Aveiro,40.6412,-8.65362
584,3781,"Avelãs de Caminho, Anadia, Aveiro",Aveiro,40.6412,-8.65362
585,3800,"Esgueira, Aveiro",Aveiro,40.6412,-8.65362
586,3801,"Esgueira, Aveiro",Aveiro,40.6412,-8.65362
587,3804,"Vera Cruz, Aveiro",Aveiro,40.6412,-8.65362
588,3810,"Glória, Aveiro",Aveiro,40.6412,-8.65362
589,3811,"Aradas, Aveiro",Aveiro,40.6412,-8.65362
590,3813,"Nossa Senhora de Fátima, Aveiro",Aveiro,40.6412,-8.65362
591,3814,"Glória, Aveiro",Aveiro,40.6412,-8.65362
592,3830,"Gafanha da Encarnação, Ílhavo, Aveiro",Aveiro,40.6412,-8.65362
593,3834,"Gafanha da Encarnação, Ílhavo, Aveiro",Aveiro,40.6412,-8.65362
594,3840,"Santo António de Vagos, Vagos, Aveiro",Aveiro,40.6412,-8.65362
595,3841,"Gafanha da Boa Hora, Vagos, Aveiro",Aveiro,40.6412,-8.65362
596,3850,"Albergaria-a-Velha, Aveiro",Aveiro,40.6412,-8.65362
597,3854,"Angeja, Albergaria-a-Velha, Aveiro",Aveiro,40.6412,-8.65362
598,3860,"Beduído, Estarreja, Aveiro",Aveiro,40.6412,-8.65362
599,3861,"Pardilhó, Estarreja, Aveiro",Aveiro,40.6412,-8.65362
600,3864,"Beduído, Estarreja, Aveiro",Aveiro,40.6412,-8.65362
601,3865,"Canelas, Estarreja, Aveiro",Aveiro,40.6412,-8.65362
602,3866,"Salreu, Estarreja, Aveiro",Aveiro,40.6412,-8.65362
603,3870,"Beduído, Estarreja, Aveiro",Aveiro,40.6412,-8.65362
604,3871,"Beduído, Estarreja, Aveiro",Aveiro,40.6412,-8.65362
605,3880,"Ovar, Aveiro",Aveiro,40.6412,-8.65362
606,3881,"Ovar, Aveiro",Aveiro,40.6412,-8.65362
607,3884,"Ovar, Aveiro",Aveiro,40.6412,-8.65362
608,3885,"Esmoriz, Ovar, Aveiro",Aveiro,40.6412,-8.65362
609,3886,"Maceda, Ovar, Aveiro",Aveiro,40.6412,-8.65362
610,4500,"Silvalde, Espinho, Aveiro",Aveiro,40.6412,-8.65362
611,4501,"Silvalde, Espinho, Aveiro",Aveiro,40.6412,-8.65362
612,4504,"Espinho, Aveiro",Aveiro,40.6412,-8.65362
613,4505,"Argoncilhe, Santa Maria da Feira, Aveiro",Aveiro,40.6412,-8.65362
614,4509,"Caldas de São Jorge, Santa Maria da Feira, Aveiro",Aveiro,40.6412,-8.65362
615,4520,"Espargo, Santa Maria da Feira, Aveiro",Aveiro,40.6412,-8.65362
616,4524,"Souto, Santa Maria da Feira, Aveiro",Aveiro,40.6412,-8.65362
617,4525,"Canedo, Santa Maria da Feira, Aveiro",Aveiro,40.6412,-8.65362
618,4535,"Lourosa, Santa Maria da Feira, Aveiro",Aveiro,40.6412,-8.65362
619,4536,"Mozelos, Santa Maria da Feira, Aveiro",Aveiro,40.6412,-8.65362
620,4540,"Arouca, Aveiro",Aveiro,40.6412,-8.65362
621,4541,"Escariz, Arouca, Aveiro",Aveiro,40.6412,-8.65362
622,4550,"Sobrado, Castelo de Paiva, Aveiro",Aveiro,40.6412,-8.65362
623,4551,"Sobrado, Castelo de Paiva, Aveiro",Aveiro,40.6412,-8.65362
624,3430,"Currelos, Carregal do Sal, Viseu",Viseu,40.6575,-7.914280000000001
625,3431,"Cabanas de Viriato, Carregal do Sal, Viseu",Viseu,40.6575,-7.914280000000001
626,3440,"Óvoa, Santa Comba Dão, Viseu",Viseu,40.6575,-7.914280000000001
627,3441,"Óvoa, Santa Comba Dão, Viseu",Viseu,40.6575,-7.914280000000001
628,3450,"Mortágua, Viseu",Viseu,40.6575,-7.914280000000001
629,3451,"Mortágua, Viseu",Viseu,40.6575,-7.914280000000001
630,3460,"Tondela, Viseu",Viseu,40.6575,-7.914280000000001
631,3461,"Parada de Gonta, Tondela, Viseu",Viseu,40.6575,-7.914280000000001
632,3464,"Tondela, Viseu",Viseu,40.6575,-7.914280000000001
633,3465,"Barreiro de Besteiros, Tondela, Viseu",Viseu,40.6575,-7.914280000000001
634,3466,"Campo de Besteiros, Tondela, Viseu",Viseu,40.6575,-7.914280000000001
635,3475,"Arca, Oliveira de Frades, Viseu",Viseu,40.6575,-7.914280000000001
636,3476,"Guardão, Tondela, Viseu",Viseu,40.6575,-7.914280000000001
637,3500,"São João de Lourosa, Viseu",Viseu,40.6575,-7.914280000000001
638,3501,"São João de Lourosa, Viseu",Viseu,40.6575,-7.914280000000001
639,3503,"São João de Lourosa, Viseu",Viseu,40.6575,-7.914280000000001
640,3504,"Santa Maria, Viseu",Viseu,40.6575,-7.914280000000001
641,3505,"Barreiros, Viseu",Viseu,40.6575,-7.914280000000001
642,3510,"Coração de Jesus, Viseu",Viseu,40.6575,-7.914280000000001
643,3511,"São João de Lourosa, Viseu",Viseu,40.6575,-7.914280000000001
644,3514,"Santa Maria, Viseu",Viseu,40.6575,-7.914280000000001
645,3515,"Abraveses, Viseu",Viseu,40.6575,-7.914280000000001
646,3516,"São João de Lourosa, Viseu",Viseu,40.6575,-7.914280000000001
647,3519,"Abraveses, Viseu",Viseu,40.6575,-7.914280000000001
648,3520,"Nelas, Viseu",Viseu,40.6575,-7.914280000000001
649,3521,"Santar, Nelas, Viseu",Viseu,40.6575,-7.914280000000001
650,3525,"Canas de Senhorim, Nelas, Viseu",Viseu,40.6575,-7.914280000000001
651,3526,"Canas de Senhorim, Nelas, Viseu",Viseu,40.6575,-7.914280000000001
652,3530,"Mangualde, Viseu",Viseu,40.6575,-7.914280000000001
653,3534,"Mangualde, Viseu",Viseu,40.6575,-7.914280000000001
654,3550,"Insua, Penalva do Castelo, Viseu",Viseu,40.6575,-7.914280000000001
655,3551,"Insua, Penalva do Castelo, Viseu",Viseu,40.6575,-7.914280000000001
656,3560,"Sátão, Viseu",Viseu,40.6575,-7.914280000000001
657,3561,"Rio de Moinhos, Sátão, Viseu",Viseu,40.6575,-7.914280000000001
658,3600,"Castro Daire, Viseu",Viseu,40.6575,-7.914280000000001
659,3601,"Castro Daire, Viseu",Viseu,40.6575,-7.914280000000001
660,3610,"Tarouca, Viseu",Viseu,40.6575,-7.914280000000001
661,3611,"Tarouca, Viseu",Viseu,40.6575,-7.914280000000001
662,3620,"Moimenta da Beira, Viseu",Viseu,40.6575,-7.914280000000001
663,3621,"Rua, Moimenta da Beira, Viseu",Viseu,40.6575,-7.914280000000001
664,3624,"Moimenta da Beira, Viseu",Viseu,40.6575,-7.914280000000001
665,3630,"Penedono, Viseu",Viseu,40.6575,-7.914280000000001
666,3631,"Penedono, Viseu",Viseu,40.6575,-7.914280000000001
667,3640,"Sernancelhe, Viseu",Viseu,40.6575,-7.914280000000001
668,3641,"Sernancelhe, Viseu",Viseu,40.6575,-7.914280000000001
669,3650,"Vila Nova de Paiva, Viseu",Viseu,40.6575,-7.914280000000001
670,3651,"Vila Nova de Paiva, Viseu",Viseu,40.6575,-7.914280000000001
671,3660,"São Pedro do Sul, Viseu",Viseu,40.6575,-7.914280000000001
672,3661,"São Pedro do Sul, Viseu",Viseu,40.6575,-7.914280000000001
673,3670,"Vouzela, Viseu",Viseu,40.6575,-7.914280000000001
674,3671,"Vouzela, Viseu",Viseu,40.6575,-7.914280000000001
675,3680,"Oliveira de Frades, Viseu",Viseu,40.6575,-7.914280000000001
676,3681,"Oliveira de Frades, Viseu",Viseu,40.6575,-7.914280000000001
677,3684,"Souto de Lafões, Oliveira de Frades, Viseu",Viseu,40.6575,-7.914280000000001
678,4660,"Resende, Viseu",Viseu,40.6575,-7.914280000000001
679,4661,"São Martinho de Mouros, Resende, Viseu",Viseu,40.6575,-7.914280000000001
680,4664,"Resende, Viseu",Viseu,40.6575,-7.914280000000001
681,4690,"Cinfães, Viseu",Viseu,40.6575,-7.914280000000001
682,4691,"Cinfães, Viseu",Viseu,40.6575,-7.914280000000001
683,5100,"Sé, Lamego, Viseu",Viseu,40.6575,-7.914280000000001
684,5101,"Sé, Lamego, Viseu",Viseu,40.6575,-7.914280000000001
685,5110,"Armamar, Viseu",Viseu,40.6575,-7.914280000000001
686,5111,"Armamar, Viseu",Viseu,40.6575,-7.914280000000001
687,5114,"Armamar, Viseu",Viseu,40.6575,-7.914280000000001
688,5120,"Tabuaço, Viseu",Viseu,40.6575,-7.914280000000001
689,5121,"Tabuaço, Viseu",Viseu,40.6575,-7.914280000000001
690,5130,"São João da Pesqueira, Viseu",Viseu,40.6575,-7.914280000000001
691,5131,"Ervedosa do Douro, São João da Pesqueira, Viseu",Viseu,40.6575,-7.914280000000001
692,3570,"Aguiar da Beira, Guarda",Guarda,40.5371,-7.26785
693,3571,"Aguiar da Beira, Guarda",Guarda,40.5371,-7.26785
694,5150,"Vila Nova de Foz Côa, Guarda",Guarda,40.5371,-7.26785
695,5151,"Vila Nova de Foz Côa, Guarda",Guarda,40.5371,-7.26785
696,5155,"Cedovim, Vila Nova de Foz Côa, Guarda",Guarda,40.5371,-7.26785
697,6260,"Santa Maria, Manteigas, Guarda",Guarda,40.5371,-7.26785
698,6261,"Santa Maria, Manteigas, Guarda",Guarda,40.5371,-7.26785
699,6264,"Santa Maria, Manteigas, Guarda",Guarda,40.5371,-7.26785
700,6270,"Seia, Guarda",Guarda,40.5371,-7.26785
701,6271,"Loriga, Seia, Guarda",Guarda,40.5371,-7.26785
702,6274,"Seia, Guarda",Guarda,40.5371,-7.26785
703,6285,"Vide, Seia, Guarda",Guarda,40.5371,-7.26785
704,6286,"Vide, Seia, Guarda",Guarda,40.5371,-7.26785
705,6290,"São Pedro, Gouveia, Guarda",Guarda,40.5371,-7.26785
706,6291,"Melo, Gouveia, Guarda",Guarda,40.5371,-7.26785
707,6294,"São Pedro, Gouveia, Guarda",Guarda,40.5371,-7.26785
708,6300,"São Vicente, Guarda",Guarda,40.5371,-7.26785
709,6301,"Sé, Guarda",Guarda,40.5371,-7.26785
710,6320,"Sabugal, Guarda",Guarda,40.5371,-7.26785
711,6321,"Soito, Sabugal, Guarda",Guarda,40.5371,-7.26785
712,6324,"Cerdeira, Sabugal, Guarda",Guarda,40.5371,-7.26785
713,6350,"Almeida, Guarda",Guarda,40.5371,-7.26785
714,6351,"Almeida, Guarda",Guarda,40.5371,-7.26785
715,6355,"Vilar Formoso, Almeida, Guarda",Guarda,40.5371,-7.26785
716,6356,"Vilar Formoso, Almeida, Guarda",Guarda,40.5371,-7.26785
717,6360,"São Pedro, Celorico da Beira, Guarda",Guarda,40.5371,-7.26785
718,6361,"Lajeosa do Mondego, Celorico da Beira, Guarda",Guarda,40.5371,-7.26785
719,6370,"Fornos de Algodres, Guarda",Guarda,40.5371,-7.26785
720,6371,"Fornos de Algodres, Guarda",Guarda,40.5371,-7.26785
721,6400,"Pinhel, Guarda",Guarda,40.5371,-7.26785
722,6401,"Pínzio, Pinhel, Guarda",Guarda,40.5371,-7.26785
723,6420,"Santa Maria, Trancoso, Guarda",Guarda,40.5371,-7.26785
724,6421,"Vila Franca das Naves, Trancoso, Guarda",Guarda,40.5371,-7.26785
725,6424,"Santa Maria, Trancoso, Guarda",Guarda,40.5371,-7.26785
726,6430,"Marialva, Meda, Guarda",Guarda,40.5371,-7.26785
727,6431,"Marialva, Meda, Guarda",Guarda,40.5371,-7.26785
728,6440,"Figueira de Castelo Rodrigo, Guarda",Guarda,40.5371,-7.26785
729,6441,"Vermiosa, Figueira de Castelo Rodrigo, Guarda",Guarda,40.5371,-7.26785
730,4000,"Sé, Porto",Porto,41.0858,-8.61024
731,4001,"Sé, Porto",Porto,41.0858,-8.61024
732,4002,"Sé, Porto",Porto,41.0858,-8.61024
733,4003,"Sé, Porto",Porto,41.0858,-8.61024
734,4004,"Sé, Porto",Porto,41.0858,-8.61024
735,4006,"Sé, Porto",Porto,41.0858,-8.61024
736,4007,"Sé, Porto",Porto,41.0858,-8.61024
737,4008,"Sé, Porto",Porto,41.0858,-8.61024
738,4009,"Sé, Porto",Porto,41.0858,-8.61024
739,4011,"Sé, Porto",Porto,41.0858,-8.61024
740,4012,"Sé, Porto",Porto,41.0858,-8.61024
741,4013,"Sé, Porto",Porto,41.0858,-8.61024
742,4014,"Sé, Porto",Porto,41.0858,-8.61024
743,4016,"Sé, Porto",Porto,41.0858,-8.61024
744,4017,"Sé, Porto",Porto,41.0858,-8.61024
745,4018,"Sé, Porto",Porto,41.0858,-8.61024
746,4019,"Sé, Porto",Porto,41.0858,-8.61024
747,4021,"Sé, Porto",Porto,41.0858,-8.61024
748,4022,"Sé, Porto",Porto,41.0858,-8.61024
749,4023,"Sé, Porto",Porto,41.0858,-8.61024
750,4024,"Sé, Porto",Porto,41.0858,-8.61024
751,4026,"Sé, Porto",Porto,41.0858,-8.61024
752,4027,"Sé, Porto",Porto,41.0858,-8.61024
753,4031,"Sé, Porto",Porto,41.0858,-8.61024
754,4049,"Santo Ildefonso, Porto",Porto,41.0858,-8.61024
755,4050,"Sé, Porto",Porto,41.0858,-8.61024
756,4051,"Sé, Porto",Porto,41.0858,-8.61024
757,4099,"Miragaia, Porto",Porto,41.0858,-8.61024
758,4100,"Ramalde, Porto",Porto,41.0858,-8.61024
759,4101,"Ramalde, Porto",Porto,41.0858,-8.61024
760,4102,"Ramalde, Porto",Porto,41.0858,-8.61024
761,4103,"Ramalde, Porto",Porto,41.0858,-8.61024
762,4104,"Ramalde, Porto",Porto,41.0858,-8.61024
763,4106,"Ramalde, Porto",Porto,41.0858,-8.61024
764,4107,"Ramalde, Porto",Porto,41.0858,-8.61024
765,4108,"Ramalde, Porto",Porto,41.0858,-8.61024
766,4109,"Ramalde, Porto",Porto,41.0858,-8.61024
767,4149,"Lordelo do Ouro, Porto",Porto,41.0858,-8.61024
768,4150,"Ramalde, Porto",Porto,41.0858,-8.61024
769,4151,"Ramalde, Porto",Porto,41.0858,-8.61024
770,4169,"Massarelos, Porto",Porto,41.0858,-8.61024
771,4199,"Lordelo do Ouro, Porto",Porto,41.0858,-8.61024
772,4200,"Paranhos, Porto",Porto,41.0858,-8.61024
773,4202,"Paranhos, Porto",Porto,41.0858,-8.61024
774,4249,"Bonfim, Porto",Porto,41.0858,-8.61024
775,4250,"Ramalde, Porto",Porto,41.0858,-8.61024
776,4251,"Paranhos, Porto",Porto,41.0858,-8.61024
777,4269,"Ramalde, Porto",Porto,41.0858,-8.61024
778,4300,"Campanhã, Porto",Porto,41.0858,-8.61024
779,4306,"Campanhã, Porto",Porto,41.0858,-8.61024
780,4349,"Bonfim, Porto",Porto,41.0858,-8.61024
781,4350,"Bonfim, Porto",Porto,41.0858,-8.61024
782,4369,"Campanhã, Porto",Porto,41.0858,-8.61024
783,4400,"Santa Marinha, Vila Nova de Gaia, Porto",Porto,41.0858,-8.61024
784,4401,"Santa Marinha, Vila Nova de Gaia, Porto",Porto,41.0858,-8.61024
785,4404,"Santa Marinha, Vila Nova de Gaia, Porto",Porto,41.0858,-8.61024
786,4405,"Vilar do Paraíso, Vila Nova de Gaia, Porto",Porto,41.0858,-8.61024
787,4406,"Santa Marinha, Vila Nova de Gaia, Porto",Porto,41.0858,-8.61024
788,4409,"Gulpilhares, Vila Nova de Gaia, Porto",Porto,41.0858,-8.61024
789,4410,"Arcozelo, Vila Nova de Gaia, Porto",Porto,41.0858,-8.61024
790,4411,"Canelas, Vila Nova de Gaia, Porto",Porto,41.0858,-8.61024
791,4414,"Canelas, Vila Nova de Gaia, Porto",Porto,41.0858,-8.61024
792,4415,"Grijó, Vila Nova de Gaia, Porto",Porto,41.0858,-8.61024
793,4416,"Grijó, Vila Nova de Gaia, Porto",Porto,41.0858,-8.61024
794,4420,"São Pedro da Cova, Gondomar, Porto",Porto,41.0858,-8.61024
795,4424,"São Pedro da Cova, Gondomar, Porto",Porto,41.0858,-8.61024
796,4425,"Águas Santas, Maia, Porto",Porto,41.0858,-8.61024
797,4426,"Águas Santas, Maia, Porto",Porto,41.0858,-8.61024
798,4430,"Mafamude, Vila Nova de Gaia, Porto",Porto,41.0858,-8.61024
799,4431,"Santa Marinha, Vila Nova de Gaia, Porto",Porto,41.0858,-8.61024
800,4434,"Mafamude, Vila Nova de Gaia, Porto",Porto,41.0858,-8.61024
801,4435,"Rio Tinto, Gondomar, Porto",Porto,41.0858,-8.61024
802,4436,"Baguim do Monte, Gondomar, Porto",Porto,41.0858,-8.61024
803,4440,"Valongo, Porto",Porto,41.0858,-8.61024
804,4444,"Valongo, Porto",Porto,41.0858,-8.61024
805,4445,"Ermesinde, Valongo, Porto",Porto,41.0858,-8.61024
806,4446,"Ermesinde, Valongo, Porto",Porto,41.0858,-8.61024
807,4450,"Matosinhos, Porto",Porto,41.0858,-8.61024
808,4451,"Matosinhos, Porto",Porto,41.0858,-8.61024
809,4454,"Matosinhos, Porto",Porto,41.0858,-8.61024
810,4455,"Lavra, Matosinhos, Porto",Porto,41.0858,-8.61024
811,4456,"Perafita, Matosinhos, Porto",Porto,41.0858,-8.61024
812,4458,"Perafita, Matosinhos, Porto",Porto,41.0858,-8.61024
813,4459,"Perafita, Matosinhos, Porto",Porto,41.0858,-8.61024
814,4460,"Senhora da Hora, Matosinhos, Porto",Porto,41.0858,-8.61024
815,4461,"Senhora da Hora, Matosinhos, Porto",Porto,41.0858,-8.61024
816,4464,"Senhora da Hora, Matosinhos, Porto",Porto,41.0858,-8.61024
817,4465,"Leça do Balio, Matosinhos, Porto",Porto,41.0858,-8.61024
818,4466,"Leça do Balio, Matosinhos, Porto",Porto,41.0858,-8.61024
819,4470,"Gemunde, Maia, Porto",Porto,41.0858,-8.61024
820,4471,"Moreira, Maia, Porto",Porto,41.0858,-8.61024
821,4474,"Maia, Porto",Porto,41.0858,-8.61024
822,4475,"Barca, Maia, Porto",Porto,41.0858,-8.61024
823,4476,"Águas Santas, Maia, Porto",Porto,41.0858,-8.61024
824,4477,"Barca, Maia, Porto",Porto,41.0858,-8.61024
825,4479,"Gemunde, Maia, Porto",Porto,41.0858,-8.61024
826,4480,"Vila do Conde, Porto",Porto,41.0858,-8.61024
827,4481,"Vila do Conde, Porto",Porto,41.0858,-8.61024
828,4484,"Touguinha, Vila do Conde, Porto",Porto,41.0858,-8.61024
829,4485,"Guilhabreu, Vila do Conde, Porto",Porto,41.0858,-8.61024
830,4486,"Mindelo, Vila do Conde, Porto",Porto,41.0858,-8.61024
831,4490,"Beiriz, Póvoa de Varzim, Porto",Porto,41.0858,-8.61024
832,4494,"Beiriz, Póvoa de Varzim, Porto",Porto,41.0858,-8.61024
833,4495,"Aguçadoura, Póvoa de Varzim, Porto",Porto,41.0858,-8.61024
834,4496,"Beiriz, Póvoa de Varzim, Porto",Porto,41.0858,-8.61024
835,4510,"Jovim, Gondomar, Porto",Porto,41.0858,-8.61024
836,4514,"Fânzeres, Gondomar, Porto",Porto,41.0858,-8.61024
837,4515,"Covelo, Gondomar, Porto",Porto,41.0858,-8.61024
838,4560,"Penafiel, Porto",Porto,41.0858,-8.61024
839,4564,"Penafiel, Porto",Porto,41.0858,-8.61024
840,4570,"Balazar, Póvoa de Varzim, Porto",Porto,41.0858,-8.61024
841,4575,"Eja, Penafiel, Porto",Porto,41.0858,-8.61024
842,4576,"Alpendurada e Matos, Marco de Canaveses, Porto",Porto,41.0858,-8.61024
843,4580,"Mouriz, Paredes, Porto",Porto,41.0858,-8.61024
844,4584,"Mouriz, Paredes, Porto",Porto,41.0858,-8.61024
845,4585,"Aguiar de Sousa, Paredes, Porto",Porto,41.0858,-8.61024
846,4586,"Recarei, Paredes, Porto",Porto,41.0858,-8.61024
847,4589,"Baltar, Paredes, Porto",Porto,41.0858,-8.61024
848,4590,"Paços de Ferreira, Porto",Porto,41.0858,-8.61024
849,4591,"Freamunde, Paços de Ferreira, Porto",Porto,41.0858,-8.61024
850,4594,"Paços de Ferreira, Porto",Porto,41.0858,-8.61024
851,4595,"Arreigada, Paços de Ferreira, Porto",Porto,41.0858,-8.61024
852,4599,"Seroa, Paços de Ferreira, Porto",Porto,41.0858,-8.61024
853,4600,"São Gonçalo, Amarante, Porto",Porto,41.0858,-8.61024
854,4601,"São Gonçalo, Amarante, Porto",Porto,41.0858,-8.61024
855,4605,"Ataíde, Amarante, Porto",Porto,41.0858,-8.61024
856,4606,"Ataíde, Amarante, Porto",Porto,41.0858,-8.61024
857,4610,"Margaride Santa Eulália, Felgueiras, Porto",Porto,41.0858,-8.61024
858,4611,"Margaride Santa Eulália, Felgueiras, Porto",Porto,41.0858,-8.61024
859,4614,"Margaride Santa Eulália, Felgueiras, Porto",Porto,41.0858,-8.61024
860,4615,"Vila Cova da Lixa, Felgueiras, Porto",Porto,41.0858,-8.61024
861,4616,"Vila Cova da Lixa, Felgueiras, Porto",Porto,41.0858,-8.61024
862,4620,"Cristelos, Lousada, Porto",Porto,41.0858,-8.61024
863,4621,"Torno, Lousada, Porto",Porto,41.0858,-8.61024
864,4624,"Cristelos, Lousada, Porto",Porto,41.0858,-8.61024
865,4625,"Ariz, Marco de Canaveses, Porto",Porto,41.0858,-8.61024
866,4626,"Ariz, Marco de Canaveses, Porto",Porto,41.0858,-8.61024
867,4630,"Tuias, Marco de Canaveses, Porto",Porto,41.0858,-8.61024
868,4634,"Tuias, Marco de Canaveses, Porto",Porto,41.0858,-8.61024
869,4635,"Banho e Carvalhosa, Marco de Canaveses, Porto",Porto,41.0858,-8.61024
870,4640,"Campelo, Baião, Porto",Porto,41.0858,-8.61024
871,4641,"Santa Marinha do Zêzere, Baião, Porto",Porto,41.0858,-8.61024
872,4650,"Torno, Lousada, Porto",Porto,41.0858,-8.61024
873,4651,"Idães, Felgueiras, Porto",Porto,41.0858,-8.61024
874,4745,"Alvarelhos, Trofa, Porto",Porto,41.0858,-8.61024
875,4746,"São Romão Coronado, Trofa, Porto",Porto,41.0858,-8.61024
876,4780,"Santo Tirso, Porto",Porto,41.0858,-8.61024
877,4781,"Santo Tirso, Porto",Porto,41.0858,-8.61024
878,4784,"Areias, Santo Tirso, Porto",Porto,41.0858,-8.61024
879,4785,"São Martinho (Bougado), Trofa, Porto",Porto,41.0858,-8.61024
880,4786,"São Martinho (Bougado), Trofa, Porto",Porto,41.0858,-8.61024
881,4795,"Aves, Santo Tirso, Porto",Porto,41.0858,-8.61024
882,4796,"Aves, Santo Tirso, Porto",Porto,41.0858,-8.61024
883,4825,"Agrela, Santo Tirso, Porto",Porto,41.0858,-8.61024
884,4700,"Maximinos, Braga",Braga,41.5518,-8.4229
885,4701,"Maximinos, Braga",Braga,41.5518,-8.4229
886,4704,"Cividade, Braga",Braga,41.5518,-8.4229
887,4705,"Arentim, Braga",Braga,41.5518,-8.4229
888,4706,"Tadim, Braga",Braga,41.5518,-8.4229
889,4709,"Celeirós, Braga",Braga,41.5518,-8.4229
890,4710,"São Victor, Braga",Braga,41.5518,-8.4229
891,4711,"Maximinos, Braga",Braga,41.5518,-8.4229
892,4714,"São Victor, Braga",Braga,41.5518,-8.4229
893,4715,"São José de São Lázaro, Braga",Braga,41.5518,-8.4229
894,4716,"Maximinos, Braga",Braga,41.5518,-8.4229
895,4719,"São José de São Lázaro, Braga",Braga,41.5518,-8.4229
896,4720,"Amares, Braga",Braga,41.5518,-8.4229
897,4721,"Ferreiros, Amares, Braga",Braga,41.5518,-8.4229
898,4730,"Turiz, Vila Verde, Braga",Braga,41.5518,-8.4229
899,4731,"Turiz, Vila Verde, Braga",Braga,41.5518,-8.4229
900,4740,"Esposende, Braga",Braga,41.5518,-8.4229
901,4741,"Apúlia, Esposende, Braga",Braga,41.5518,-8.4229
902,4750,"Barcelos, Braga",Braga,41.5518,-8.4229
903,4754,"Barcelos, Braga",Braga,41.5518,-8.4229
904,4755,"Adães, Barcelos, Braga",Braga,41.5518,-8.4229
905,4760,"Antas, Vila Nova de Famalicão, Braga",Braga,41.5518,-8.4229
906,4761,"Lousado, Vila Nova de Famalicão, Braga",Braga,41.5518,-8.4229
907,4763,"Ribeirão, Vila Nova de Famalicão, Braga",Braga,41.5518,-8.4229
908,4764,"Gavião, Vila Nova de Famalicão, Braga",Braga,41.5518,-8.4229
909,4765,"Delães, Vila Nova de Famalicão, Braga",Braga,41.5518,-8.4229
910,4766,"Bairro, Vila Nova de Famalicão, Braga",Braga,41.5518,-8.4229
911,4770,"Abade de Vermoim, Vila Nova de Famalicão, Braga",Braga,41.5518,-8.4229
912,4771,"Pousada de Saramagos, Vila Nova de Famalicão, Braga",Braga,41.5518,-8.4229
913,4775,"Nine, Vila Nova de Famalicão, Braga",Braga,41.5518,-8.4229
914,4776,"Nine, Vila Nova de Famalicão, Braga",Braga,41.5518,-8.4229
915,4800,"Urgezes, Guimarães, Braga",Braga,41.5518,-8.4229
916,4801,"Urgezes, Guimarães, Braga",Braga,41.5518,-8.4229
917,4804,"Aldão, Guimarães, Braga",Braga,41.5518,-8.4229
918,4805,"Balazar, Guimarães, Braga",Braga,41.5518,-8.4229
919,4806,"Caldelas, Guimarães, Braga",Braga,41.5518,-8.4229
920,4809,"São Lourenço Sande, Guimarães, Braga",Braga,41.5518,-8.4229
921,4810,"Mesão Frio, Guimarães, Braga",Braga,41.5518,-8.4229
922,4811,"Urgezes, Guimarães, Braga",Braga,41.5518,-8.4229
923,4814,"São Sebastião (Guimarães), Guimarães, Braga",Braga,41.5518,-8.4229
924,4815,"São Miguel (Caldas de Vizela), Vizela, Braga",Braga,41.5518,-8.4229
925,4816,"São Miguel (Caldas de Vizela), Vizela, Braga",Braga,41.5518,-8.4229
926,4820,"Fafe, Braga",Braga,41.5518,-8.4229
927,4821,"Fafe, Braga",Braga,41.5518,-8.4229
928,4824,"Fafe, Braga",Braga,41.5518,-8.4229
929,4830,"Nossa Senhora do Amparo, Póvoa de Lanhoso, Braga",Braga,41.5518,-8.4229
930,4831,"Taíde, Póvoa de Lanhoso, Braga",Braga,41.5518,-8.4229
931,4835,"Creixomil, Guimarães, Braga",Braga,41.5518,-8.4229
932,4836,"Urgezes, Guimarães, Braga",Braga,41.5518,-8.4229
933,4839,"Nespereira, Guimarães, Braga",Braga,41.5518,-8.4229
934,4840,"Moimenta (Santo André), Terras de Bouro, Braga",Braga,41.5518,-8.4229
935,4841,"Moimenta (Santo André), Terras de Bouro, Braga",Braga,41.5518,-8.4229
936,4845,"Vilar da Veiga, Terras de Bouro, Braga",Braga,41.5518,-8.4229
937,4850,"Vieira do Minho, Braga",Braga,41.5518,-8.4229
938,4851,"Vieira do Minho, Braga",Braga,41.5518,-8.4229
939,4860,"Refojos de Basto, Cabeceiras de Basto, Braga",Braga,41.5518,-8.4229
940,4861,"Cavez, Cabeceiras de Basto, Braga",Braga,41.5518,-8.4229
941,4890,"Britelo, Celorico de Basto, Braga",Braga,41.5518,-8.4229
942,4891,"Basto (São Clemente), Celorico de Basto, Braga",Braga,41.5518,-8.4229
943,4870,"Salvador, Ribeira de Pena, Vila Real",Vila Real,41.2959,-7.74635
944,4871,"Cerva, Ribeira de Pena, Vila Real",Vila Real,41.2959,-7.74635
945,4880,"Mondim de Basto, Vila Real",Vila Real,41.2959,-7.74635
946,4881,"Mondim de Basto, Vila Real",Vila Real,41.2959,-7.74635
947,5000,"São Diniz, Vila Real",Vila Real,41.2959,-7.74635
948,5001,"São Diniz, Vila Real",Vila Real,41.2959,-7.74635
949,5004,"Folhadela, Vila Real",Vila Real,41.2959,-7.74635
950,5030,"São Miguel, Santa Marta de Penaguião, Vila Real",Vila Real,41.2959,-7.74635
951,5031,"São Miguel, Santa Marta de Penaguião, Vila Real",Vila Real,41.2959,-7.74635
952,5040,"São Nicolau, Mesão Frio, Vila Real",Vila Real,41.2959,-7.74635
953,5041,"São Nicolau, Mesão Frio, Vila Real",Vila Real,41.2959,-7.74635
954,5050,"Peso da Régua, Vila Real",Vila Real,41.2959,-7.74635
955,5051,"Peso da Régua, Vila Real",Vila Real,41.2959,-7.74635
956,5054,"Peso da Régua, Vila Real",Vila Real,41.2959,-7.74635
957,5060,"Sabrosa, Vila Real",Vila Real,41.2959,-7.74635
958,5061,"Sabrosa, Vila Real",Vila Real,41.2959,-7.74635
959,5070,"Alijó, Vila Real",Vila Real,41.2959,-7.74635
960,5071,"Alijó, Vila Real",Vila Real,41.2959,-7.74635
961,5085,"Pinhão, Alijó, Vila Real",Vila Real,41.2959,-7.74635
962,5086,"Pinhão, Alijó, Vila Real",Vila Real,41.2959,-7.74635
963,5090,"Murça, Vila Real",Vila Real,41.2959,-7.74635
964,5091,"Murça, Vila Real",Vila Real,41.2959,-7.74635
965,5400,"Santa Maria Maior, Chaves, Vila Real",Vila Real,41.2959,-7.74635
966,5401,"Santa Maria Maior, Chaves, Vila Real",Vila Real,41.2959,-7.74635
967,5425,"Vidago, Chaves, Vila Real",Vila Real,41.2959,-7.74635
968,5426,"Vidago, Chaves, Vila Real",Vila Real,41.2959,-7.74635
969,5430,"Valpaços, Vila Real",Vila Real,41.2959,-7.74635
970,5431,"Valpaços, Vila Real",Vila Real,41.2959,-7.74635
971,5445,"Carrazedo de Montenegro, Valpaços, Vila Real",Vila Real,41.2959,-7.74635
972,5446,"Carrazedo de Montenegro, Valpaços, Vila Real",Vila Real,41.2959,-7.74635
973,5450,"Vila Pouca de Aguiar, Vila Real",Vila Real,41.2959,-7.74635
974,5451,"Bornes de Aguiar, Vila Pouca de Aguiar, Vila Real",Vila Real,41.2959,-7.74635
975,5460,"Boticas, Vila Real",Vila Real,41.2959,-7.74635
976,5461,"Boticas, Vila Real",Vila Real,41.2959,-7.74635
977,5470,"Montalegre, Vila Real",Vila Real,41.2959,-7.74635
978,5471,"Montalegre, Vila Real",Vila Real,41.2959,-7.74635
979,5140,"Carrazeda de Ansiães, Bragança",Bragança,41.8072,-6.759189999999999
980,5141,"Carrazeda de Ansiães, Bragança",Bragança,41.8072,-6.759189999999999
981,5160,"Torre de Moncorvo, Bragança",Bragança,41.8072,-6.759189999999999
982,5161,"Torre de Moncorvo, Bragança",Bragança,41.8072,-6.759189999999999
983,5164,"Torre de Moncorvo, Bragança",Bragança,41.8072,-6.759189999999999
984,5180,"Freixo de Espada à Cinta, Freixo Espada à Cinta, Bragança",Bragança,41.8072,-6.759189999999999
985,5181,"Lagoaça, Freixo Espada à Cinta, Bragança",Bragança,41.8072,-6.759189999999999
986,5200,"Mogadouro, Bragança",Bragança,41.8072,-6.759189999999999
987,5201,"Mogadouro, Bragança",Bragança,41.8072,-6.759189999999999
988,5210,"Miranda do Douro, Bragança",Bragança,41.8072,-6.759189999999999
989,5211,"Miranda do Douro, Bragança",Bragança,41.8072,-6.759189999999999
990,5225,"Sendim, Miranda do Douro, Bragança",Bragança,41.8072,-6.759189999999999
991,5226,"Sendim, Miranda do Douro, Bragança",Bragança,41.8072,-6.759189999999999
992,5230,"Vimioso, Bragança",Bragança,41.8072,-6.759189999999999
993,5231,"Vimioso, Bragança",Bragança,41.8072,-6.759189999999999
994,5300,"Gostei, Bragança",Bragança,41.8072,-6.759189999999999
995,5301,"Sé, Bragança",Bragança,41.8072,-6.759189999999999
996,5320,"Vinhais, Bragança",Bragança,41.8072,-6.759189999999999
997,5321,"Vinhais, Bragança",Bragança,41.8072,-6.759189999999999
998,5335,"Agrochão, Vinhais, Bragança",Bragança,41.8072,-6.759189999999999
999,5340,"Macedo de Cavaleiros, Bragança",Bragança,41.8072,-6.759189999999999
1000,5341,"Macedo de Cavaleiros, Bragança",Bragança,41.8072,-6.759189999999999
1001,5350,"Alfândega da Fé, Alfandega da Fé, Bragança",Bragança,41.8072,-6.759189999999999
1002,5351,"Alfândega da Fé, Alfandega da Fé, Bragança",Bragança,41.8072,-6.759189999999999
1003,5360,"Vila Flor, Bragança",Bragança,41.8072,-6.759189999999999
1004,5361,"Vila Flor, Bragança",Bragança,41.8072,-6.759189999999999
1005,5370,"Mirandela, Bragança",Bragança,41.8072,-6.759189999999999
1006,5371,"Mirandela, Bragança",Bragança,41.8072,-6.759189999999999
1007,5374,"Mirandela, Bragança",Bragança,41.8072,-6.759189999999999
1008,5385,"Torre de Dona Chama, Mirandela, Bragança",Bragança,41.8072,-6.759189999999999
1009,5386,"Torre de Dona Chama, Mirandela, Bragança",Bragança,41.8072,-6.759189999999999
1010,6000,Castelo Branco,Castelo Branco,39.8239,-7.49189
1011,6001,Castelo Branco,Castelo Branco,39.8239,-7.49189
1012,6004,Castelo Branco,Castelo Branco,39.8239,-7.49189
1013,6005,"Alcains, Castelo Branco",Castelo Branco,39.8239,-7.49189
1014,6006,"Louriçal do Campo, Castelo Branco",Castelo Branco,39.8239,-7.49189
1015,6030,"Vila Velha de Ródão, Vila Velha de Rodão, Castelo Branco",Castelo Branco,39.8239,-7.49189
1016,6031,"Vila Velha de Ródão, Vila Velha de Rodão, Castelo Branco",Castelo Branco,39.8239,-7.49189
1017,6060,"Idanha-a-Nova, Castelo Branco",Castelo Branco,39.8239,-7.49189
1018,6061,"Zebreira, Idanha-a-Nova, Castelo Branco",Castelo Branco,39.8239,-7.49189
1019,6090,"Penamacor, Castelo Branco",Castelo Branco,39.8239,-7.49189
1020,6091,"Penamacor, Castelo Branco",Castelo Branco,39.8239,-7.49189
1021,6100,"Sertã, Castelo Branco",Castelo Branco,39.8239,-7.49189
1022,6101,"Cernache do Bonjardim, Sertã, Castelo Branco",Castelo Branco,39.8239,-7.49189
1023,6110,"Vila de Rei, Castelo Branco",Castelo Branco,39.8239,-7.49189
1024,6111,"Vila de Rei, Castelo Branco",Castelo Branco,39.8239,-7.49189
1025,6150,"Proença-a-Nova, Castelo Branco",Castelo Branco,39.8239,-7.49189
1026,6151,"Sobreira Formosa, Proença-a-Nova, Castelo Branco",Castelo Branco,39.8239,-7.49189
1027,6160,"Oleiros, Castelo Branco",Castelo Branco,39.8239,-7.49189
1028,6161,"Estreito, Oleiros, Castelo Branco",Castelo Branco,39.8239,-7.49189
1029,6185,"Bogas de Baixo, Fundão, Castelo Branco",Castelo Branco,39.8239,-7.49189
1030,6200,"São Pedro, Covilhã, Castelo Branco",Castelo Branco,39.8239,-7.49189
1031,6201,"Conceição, Covilhã, Castelo Branco",Castelo Branco,39.8239,-7.49189
1032,6215,"Barco, Covilhã, Castelo Branco",Castelo Branco,39.8239,-7.49189
1033,6216,"Paul, Covilhã, Castelo Branco",Castelo Branco,39.8239,-7.49189
1034,6225,"Aldeia São Francisco Assis, Covilhã, Castelo Branco",Castelo Branco,39.8239,-7.49189
1035,6230,"Fundão, Castelo Branco",Castelo Branco,39.8239,-7.49189
1036,6231,"Fundão, Castelo Branco",Castelo Branco,39.8239,-7.49189
1037,6250,"Belmonte, Castelo Branco",Castelo Branco,39.8239,-7.49189
1038,6251,"Caria, Belmonte, Castelo Branco",Castelo Branco,39.8239,-7.49189
1039,6040,"Gavião, Portalegre",Portalegre,39.2914,-7.43235
1040,6041,"Gavião, Portalegre",Portalegre,39.2914,-7.43235
1041,6050,"Espírito Santo, Nisa, Portalegre",Portalegre,39.2914,-7.43235
1042,6051,"Alpalhão, Nisa, Portalegre",Portalegre,39.2914,-7.43235
1043,7300,"São Lourenço, Portalegre",Portalegre,39.2914,-7.43235
1044,7301,"São Lourenço, Portalegre",Portalegre,39.2914,-7.43235
1045,7320,"São João Batista, Castelo de Vide, Portalegre",Portalegre,39.2914,-7.43235
1046,7321,"São João Batista, Castelo de Vide, Portalegre",Portalegre,39.2914,-7.43235
1047,7330,"Santa Maria de Marvão, Marvão, Portalegre",Portalegre,39.2914,-7.43235
1048,7331,"Beirã, Marvão, Portalegre",Portalegre,39.2914,-7.43235
1049,7340,"Assunção, Arronches, Portalegre",Portalegre,39.2914,-7.43235
1050,7341,"Assunção, Arronches, Portalegre",Portalegre,39.2914,-7.43235
1051,7350,"Caia e São Pedro, Elvas, Portalegre",Portalegre,39.2914,-7.43235
1052,7351,"Caia e São Pedro, Elvas, Portalegre",Portalegre,39.2914,-7.43235
1053,7354,"Assunção, Elvas, Portalegre",Portalegre,39.2914,-7.43235
1054,7370,"São João Batista, Campo Maior, Portalegre",Portalegre,39.2914,-7.43235
1055,7371,"São João Batista, Campo Maior, Portalegre",Portalegre,39.2914,-7.43235
1056,7374,"Nossa Senhora da Expectação, Campo Maior, Portalegre",Portalegre,39.2914,-7.43235
1057,7400,"Ponte de Sor, Portalegre",Portalegre,39.2914,-7.43235
1058,7401,"Ponte de Sor, Portalegre",Portalegre,39.2914,-7.43235
1059,7425,"Montargil, Ponte de Sor, Portalegre",Portalegre,39.2914,-7.43235
1060,7426,"Montargil, Ponte de Sor, Portalegre",Portalegre,39.2914,-7.43235
1061,7430,"Crato e Mártires, Crato, Portalegre",Portalegre,39.2914,-7.43235
1062,7431,"Crato e Mártires, Crato, Portalegre",Portalegre,39.2914,-7.43235
1063,7440,"Alter do Chão, Portalegre",Portalegre,39.2914,-7.43235
1064,7441,"Alter do Chão, Portalegre",Portalegre,39.2914,-7.43235
1065,7450,"Monforte, Portalegre",Portalegre,39.2914,-7.43235
1066,7451,"Monforte, Portalegre",Portalegre,39.2914,-7.43235
1067,7460,"Fronteira, Portalegre",Portalegre,39.2914,-7.43235
1068,7461,"Cabeço de Vide, Fronteira, Portalegre",Portalegre,39.2914,-7.43235
1069,7464,"Fronteira, Portalegre",Portalegre,39.2914,-7.43235
1070,7470,"Sousel, Portalegre",Portalegre,39.2914,-7.43235
1071,7471,"Sousel, Portalegre",Portalegre,39.2914,-7.43235
1072,7480,"Avis, Portalegre",Portalegre,39.2914,-7.43235
1073,7481,"Avis, Portalegre",Portalegre,39.2914,-7.43235
1074,7000,"Horta das Figueiras, Évora",Évora,38.571,-7.9096
1075,7001,"Horta das Figueiras, Évora",Évora,38.571,-7.9096
1076,7004,"Santo Antão, Évora",Évora,38.571,-7.9096
1077,7005,"Horta das Figueiras, Évora",Évora,38.571,-7.9096
1078,7006,"Horta das Figueiras, Évora",Évora,38.571,-7.9096
1079,7009,"Horta das Figueiras, Évora",Évora,38.571,-7.9096
1080,7040,"Arraiolos, Évora",Évora,38.571,-7.9096
1081,7041,"Arraiolos, Évora",Évora,38.571,-7.9096
1082,7050,"Nossa Senhora do Bispo, Montemor-o-Novo, Évora",Évora,38.571,-7.9096
1083,7051,"Santiago do Escoural, Montemor-o-Novo, Évora",Évora,38.571,-7.9096
1084,7080,"Vendas Novas, Évora",Évora,38.571,-7.9096
1085,7081,"Vendas Novas, Évora",Évora,38.571,-7.9096
1086,7090,"Viana do Alentejo, Évora",Évora,38.571,-7.9096
1087,7091,"Alcáçovas, Viana do Alentejo, Évora",Évora,38.571,-7.9096
1088,7100,"Santo André Estremoz, Estremoz, Évora",Évora,38.571,-7.9096
1089,7101,"Santo André Estremoz, Estremoz, Évora",Évora,38.571,-7.9096
1090,7150,"Conceição, Vila Viçosa, Évora",Évora,38.571,-7.9096
1091,7151,"Conceição, Vila Viçosa, Évora",Évora,38.571,-7.9096
1092,7154,"Conceição, Vila Viçosa, Évora",Évora,38.571,-7.9096
1093,7160,"Conceição, Vila Viçosa, Évora",Évora,38.571,-7.9096
1094,7161,"Bencatel, Vila Viçosa, Évora",Évora,38.571,-7.9096
1095,7170,"Redondo, Évora",Évora,38.571,-7.9096
1096,7171,"Redondo, Évora",Évora,38.571,-7.9096
1097,7200,"Reguengos de Monsaraz, Évora",Évora,38.571,-7.9096
1098,7201,"Reguengos de Monsaraz, Évora",Évora,38.571,-7.9096
1099,7220,"Portel, Évora",Évora,38.571,-7.9096
1100,7221,"Portel, Évora",Évora,38.571,-7.9096
1101,7240,"Mourão, Évora",Évora,38.571,-7.9096
1102,7241,"Mourão, Évora",Évora,38.571,-7.9096
1103,7244,"Mourão, Évora",Évora,38.571,-7.9096
1104,7250,"Nossa Senhora da Conceição, Alandroal, Évora",Évora,38.571,-7.9096
1105,7251,"Nossa Senhora da Conceição, Alandroal, Évora",Évora,38.571,-7.9096
1106,7490,"Mora, Évora",Évora,38.571,-7.9096
1107,7491,"Mora, Évora",Évora,38.571,-7.9096
1108,7230,"Barrancos, Beja",Beja,38.0156,-7.86523
1109,7231,"Barrancos, Beja",Beja,38.0156,-7.86523
1110,7600,"Aljustrel, Beja",Beja,38.0156,-7.86523
1111,7601,"Aljustrel, Beja",Beja,38.0156,-7.86523
1112,7604,"Aljustrel, Beja",Beja,38.0156,-7.86523
1113,7630,"São Salvador, Odemira, Beja",Beja,38.0156,-7.86523
1114,7631,"São Luís, Odemira, Beja",Beja,38.0156,-7.86523
1115,7645,"Vila Nova de Milfontes, Odemira, Beja",Beja,38.0156,-7.86523
1116,7646,"Vila Nova de Milfontes, Odemira, Beja",Beja,38.0156,-7.86523
1117,7665,"Sabóia, Odemira, Beja",Beja,38.0156,-7.86523
1118,7670,"Ourique, Beja",Beja,38.0156,-7.86523
1119,7671,"Ourique, Beja",Beja,38.0156,-7.86523
1120,7700,"Almodôvar, Beja",Beja,38.0156,-7.86523
1121,7701,"Almodôvar, Beja",Beja,38.0156,-7.86523
1122,7750,"Mértola, Beja",Beja,38.0156,-7.86523
1123,7751,"Mértola, Beja",Beja,38.0156,-7.86523
1124,7754,"Mértola, Beja",Beja,38.0156,-7.86523
1125,7780,"Castro Verde, Beja",Beja,38.0156,-7.86523
1126,7781,"Castro Verde, Beja",Beja,38.0156,-7.86523
1127,7800,"Santiago Maior, Beja",Beja,38.0156,-7.86523
1128,7801,"Salvador, Beja",Beja,38.0156,-7.86523
1129,7830,"Santa Maria, Serpa, Beja",Beja,38.0156,-7.86523
1130,7831,"Pias, Serpa, Beja",Beja,38.0156,-7.86523
1131,7860,"Santo Agostinho, Moura, Beja",Beja,38.0156,-7.86523
1132,7861,"Santo Agostinho, Moura, Beja",Beja,38.0156,-7.86523
1133,7864,"Santo Agostinho, Moura, Beja",Beja,38.0156,-7.86523
1134,7875,"Safara, Moura, Beja",Beja,38.0156,-7.86523
1135,7876,"Safara, Moura, Beja",Beja,38.0156,-7.86523
1136,7885,"Amareleja, Moura, Beja",Beja,38.0156,-7.86523
1137,7886,"Amareleja, Moura, Beja",Beja,38.0156,-7.86523
1138,7900,"Ferreira do Alentejo, Beja",Beja,38.0156,-7.86523
1139,7901,"Ferreira do Alentejo, Beja",Beja,38.0156,-7.86523
1140,7920,"Alvito, Beja",Beja,38.0156,-7.86523
1141,7921,"Vila Nova da Baronia, Alvito, Beja",Beja,38.0156,-7.86523
1142,7924,"Alvito, Beja",Beja,38.0156,-7.86523
1143,7940,"Cuba, Beja",Beja,38.0156,-7.86523
1144,7941,"Cuba, Beja",Beja,38.0156,-7.86523
1145,7960,"Vidigueira, Beja",Beja,38.0156,-7.86523
1146,7961,"Vidigueira, Beja",Beja,38.0156,-7.86523
1147,8000,"São Pedro, Faro",Faro,37.0154,-7.935110000000001
1148,8001,"São Pedro, Faro",Faro,37.0154,-7.935110000000001
1149,8004,"Sé, Faro",Faro,37.0154,-7.935110000000001
1150,8005,"Conceição, Faro",Faro,37.0154,-7.935110000000001
1151,8006,"São Pedro, Faro",Faro,37.0154,-7.935110000000001
1152,8009,"Conceição, Faro",Faro,37.0154,-7.935110000000001
1153,8100,"São Sebastião, Loulé, Faro",Faro,37.0154,-7.935110000000001
1154,8101,"São Sebastião, Loulé, Faro",Faro,37.0154,-7.935110000000001
1155,8104,"São Clemente, Loulé, Faro",Faro,37.0154,-7.935110000000001
1156,8125,"Quarteira, Loulé, Faro",Faro,37.0154,-7.935110000000001
1157,8126,"Quarteira, Loulé, Faro",Faro,37.0154,-7.935110000000001
1158,8135,"Almancil, Loulé, Faro",Faro,37.0154,-7.935110000000001
1159,8136,"Almancil, Loulé, Faro",Faro,37.0154,-7.935110000000001
1160,8150,"São Brás de Alportel, Faro",Faro,37.0154,-7.935110000000001
1161,8151,"São Brás de Alportel, Faro",Faro,37.0154,-7.935110000000001
1162,8200,"Guia, Albufeira, Faro",Faro,37.0154,-7.935110000000001
1163,8201,"Guia, Albufeira, Faro",Faro,37.0154,-7.935110000000001
1164,8203,"Albufeira, Faro",Faro,37.0154,-7.935110000000001
1165,8300,"Silves, Faro",Faro,37.0154,-7.935110000000001
1166,8301,"Silves, Faro",Faro,37.0154,-7.935110000000001
1167,8365,"Armação de Pêra, Silves, Faro",Faro,37.0154,-7.935110000000001
1168,8366,"Tunes, Silves, Faro",Faro,37.0154,-7.935110000000001
1169,8375,"São Bartolomeu de Messines, Silves, Faro",Faro,37.0154,-7.935110000000001
1170,8376,"São Bartolomeu de Messines, Silves, Faro",Faro,37.0154,-7.935110000000001
1171,8400,"Lagoa, Lagoa (Algarve), Faro",Faro,37.0154,-7.935110000000001
1172,8401,"Lagoa, Lagoa (Algarve), Faro",Faro,37.0154,-7.935110000000001
1173,8500,"Portimão, Faro",Faro,37.0154,-7.935110000000001
1174,8501,"Portimão, Faro",Faro,37.0154,-7.935110000000001
1175,8550,"Monchique, Faro",Faro,37.0154,-7.935110000000001
1176,8551,"Monchique, Faro",Faro,37.0154,-7.935110000000001
1177,8600,"São Sebastião, Lagos, Faro",Faro,37.0154,-7.935110000000001
1178,8601,"Santa Maria, Lagos, Faro",Faro,37.0154,-7.935110000000001
1179,8604,"São Sebastião, Lagos, Faro",Faro,37.0154,-7.935110000000001
1180,8650,"Vila do Bispo, Faro",Faro,37.0154,-7.935110000000001
1181,8651,"Sagres, Vila do Bispo, Faro",Faro,37.0154,-7.935110000000001
1182,8670,"São Sebastião, Lagos, Faro",Faro,37.0154,-7.935110000000001
1183,8671,"Odeceixe, Aljezur, Faro",Faro,37.0154,-7.935110000000001
1184,8700,"Quelfes, Olhão, Faro",Faro,37.0154,-7.935110000000001
1185,8701,"Quelfes, Olhão, Faro",Faro,37.0154,-7.935110000000001
1186,8800,"Santiago Tavira, Tavira, Faro",Faro,37.0154,-7.935110000000001
1187,8801,"Santa Maria Tavira, Tavira, Faro",Faro,37.0154,-7.935110000000001
1188,8804,"Santiago Tavira, Tavira, Faro",Faro,37.0154,-7.935110000000001
1189,8900,"Vila Real de Santo António, Faro",Faro,37.0154,-7.935110000000001
1190,8901,"Vila Nova de Cacela, Vila Real de Santo António, Faro",Faro,37.0154,-7.935110000000001
1191,8950,"Azinhal, Castro Marim, Faro",Faro,37.0154,-7.935110000000001
1192,8951,"Castro Marim, Faro",Faro,37.0154,-7.935110000000001
1193,8954,"Castro Marim, Faro",Faro,37.0154,-7.935110000000001
1194,8970,"Alcoutim, Faro",Faro,37.0154,-7.935110000000001
1195,8971,"Alcoutim, Faro",Faro,37.0154,-7.935110000000001
1196,9000,"Sé, Funchal, Madeira",Madeira,32.6511,-16.9097
1197,9001,"Sé, Funchal, Madeira",Madeira,32.6511,-16.9097
1198,9004,"São Pedro, Funchal, Madeira",Madeira,32.6511,-16.9097
1199,9020,"Santo António, Funchal, Madeira",Madeira,32.6511,-16.9097
1200,9021,"Sé, Funchal, Madeira",Madeira,32.6511,-16.9097
1201,9024,"Santo António, Funchal, Madeira",Madeira,32.6511,-16.9097
1202,9030,"Curral das Freiras, Câmara de Lobos, Madeira",Madeira,32.6511,-16.9097
1203,9050,"Sé, Funchal, Madeira",Madeira,32.6511,-16.9097
1204,9051,"Sé, Funchal, Madeira",Madeira,32.6511,-16.9097
1205,9054,"Sé, Funchal, Madeira",Madeira,32.6511,-16.9097
1206,9060,"Santa Maria Maior, Funchal, Madeira",Madeira,32.6511,-16.9097
1207,9061,"Sé, Funchal, Madeira",Madeira,32.6511,-16.9097
1208,9064,"Santa Maria Maior, Funchal, Madeira",Madeira,32.6511,-16.9097
1209,9100,"Caniço, Santa Cruz, Madeira",Madeira,32.6511,-16.9097
1210,9101,"Caniço, Santa Cruz, Madeira",Madeira,32.6511,-16.9097
1211,9125,"Caniço, Santa Cruz, Madeira",Madeira,32.6511,-16.9097
1212,9126,"Caniço, Santa Cruz, Madeira",Madeira,32.6511,-16.9097
1213,9135,"Camacha, Santa Cruz, Madeira",Madeira,32.6511,-16.9097
1214,9136,"Camacha, Santa Cruz, Madeira",Madeira,32.6511,-16.9097
1215,9200,"Machico, Madeira",Madeira,32.6511,-16.9097
1216,9201,"Caniçal, Machico, Madeira",Madeira,32.6511,-16.9097
1217,9225,"Porto da Cruz, Machico, Madeira",Madeira,32.6511,-16.9097
1218,9226,"Porto da Cruz, Machico, Madeira",Madeira,32.6511,-16.9097
1219,9230,"Santana, Madeira",Madeira,32.6511,-16.9097
1220,9231,"Santana, Madeira",Madeira,32.6511,-16.9097
1221,9240,"São Vicente, Madeira",Madeira,32.6511,-16.9097
1222,9241,"Ponta Delgada, São Vicente, Madeira",Madeira,32.6511,-16.9097
1223,9270,"Achadas da Cruz, Porto Moniz, Madeira",Madeira,32.6511,-16.9097
1224,9271,"Porto Moniz, Madeira",Madeira,32.6511,-16.9097
1225,9300,"Câmara de Lobos, Madeira",Madeira,32.6511,-16.9097
1226,9301,"Câmara de Lobos, Madeira",Madeira,32.6511,-16.9097
1227,9304,"Câmara de Lobos, Madeira",Madeira,32.6511,-16.9097
1228,9325,"Estreito Câmara de Lobos, Câmara de Lobos, Madeira",Madeira,32.6511,-16.9097
1229,9326,"Estreito Câmara de Lobos, Câmara de Lobos, Madeira",Madeira,32.6511,-16.9097
1230,9350,"Campanário, Ribeira Brava, Madeira",Madeira,32.6511,-16.9097
1231,9351,"Ribeira Brava, Madeira",Madeira,32.6511,-16.9097
1232,9360,"Ponta do Sol, Madeira",Madeira,32.6511,-16.9097
1233,9361,"Ponta do Sol, Madeira",Madeira,32.6511,-16.9097
1234,9370,"Arco da Calheta, Calheta (Madeira), Madeira",Madeira,32.6511,-16.9097
1235,9371,"Arco da Calheta, Calheta (Madeira), Madeira",Madeira,32.6511,-16.9097
1236,9374,"Calheta, Calheta (Madeira), Madeira",Madeira,32.6511,-16.9097
1237,9385,"Ponta do Pargo, Calheta (Madeira), Madeira",Madeira,32.6511,-16.9097
1238,9400,"Porto Santo, Madeira",Madeira,32.6511,-16.9097
1239,9401,"Porto Santo, Madeira",Madeira,32.6511,-16.9097
1240,9500,"São José, Ponta Delgada, Açores",Açores,37.4428,-25.404
1241,9501,"São José, Ponta Delgada, Açores",Açores,37.4428,-25.404
1242,9504,"São José, Ponta Delgada, Açores",Açores,37.4428,-25.404
1243,9545,"Ajuda da Bretanha, Ponta Delgada, Açores",Açores,37.4428,-25.404
1244,9546,"Capelas, Ponta Delgada, Açores",Açores,37.4428,-25.404
1245,9555,"Candelária, Ponta Delgada, Açores",Açores,37.4428,-25.404
1246,9556,"Ginetes, Ponta Delgada, Açores",Açores,37.4428,-25.404
1247,9560,"Nossa Senhora do Rosário, Lagoa (São Miguel), Açores",Açores,37.4428,-25.404
1248,9561,"Água de Pau, Lagoa (São Miguel), Açores",Açores,37.4428,-25.404
1249,9580,"Vila do Porto, Açores",Açores,37.4428,-25.404
1250,9581,"Vila do Porto, Açores",Açores,37.4428,-25.404
1251,9600,"Conceição, Ribeira Grande, Açores",Açores,37.4428,-25.404
1252,9601,"Rabo de Peixe, Ribeira Grande, Açores",Açores,37.4428,-25.404
1253,9625,"Fenais da Ajuda, Ribeira Grande, Açores",Açores,37.4428,-25.404
1254,9626,"Maia, Ribeira Grande, Açores",Açores,37.4428,-25.404
1255,9630,"Achada, Nordeste, Açores",Açores,37.4428,-25.404
1256,9631,"Nordeste, Açores",Açores,37.4428,-25.404
1257,9650,"Povoação, Açores",Açores,37.4428,-25.404
1258,9651,"Povoação, Açores",Açores,37.4428,-25.404
1259,9675,"Furnas, Povoação, Açores",Açores,37.4428,-25.404
1260,9676,"Furnas, Povoação, Açores",Açores,37.4428,-25.404
1261,9680,"São Miguel, Vila Franca do Campo, Açores",Açores,37.4428,-25.404
1262,9681,"São Miguel, Vila Franca do Campo, Açores",Açores,37.4428,-25.404
1263,9684,"São Miguel, Vila Franca do Campo, Açores",Açores,37.4428,-25.404
1264,9700,"Nossa Senhora da Conceição, Angra do Heroísmo, Açores",Açores,37.4428,-25.404
1265,9701,"Terra Chã, Angra do Heroísmo, Açores",Açores,37.4428,-25.404
1266,9760,"Praia da Vitória (Santa Cruz), Praia da Vitória, Açores",Açores,37.4428,-25.404
1267,9761,"Praia da Vitória (Santa Cruz), Praia da Vitória, Açores",Açores,37.4428,-25.404
1268,9800,"São Jorge (Velas), Velas, Açores",Açores,37.4428,-25.404
1269,9801,"São Jorge (Velas), Velas, Açores",Açores,37.4428,-25.404
1270,9804,"São Jorge (Velas), Velas, Açores",Açores,37.4428,-25.404
1271,9850,"Calheta, Calheta (São Jorge), Açores",Açores,37.4428,-25.404
1272,9851,"Calheta, Calheta (São Jorge), Açores",Açores,37.4428,-25.404
1273,9875,"Santo Antão, Calheta (São Jorge), Açores",Açores,37.4428,-25.404
1274,9876,"Topo Nossa Senhora Rosário, Calheta (São Jorge), Açores",Açores,37.4428,-25.404
1275,9880,"Santa Cruz da Graciosa, Açores",Açores,37.4428,-25.404
1276,9881,"Santa Cruz da Graciosa, Açores",Açores,37.4428,-25.404
1277,9900,"Horta (Matriz), Horta, Açores",Açores,37.4428,-25.404
1278,9901,"Horta (Matriz), Horta, Açores",Açores,37.4428,-25.404
1279,9904,"Horta (Matriz), Horta, Açores",Açores,37.4428,-25.404
1280,9930,"Calheta de Nesquim, Lajes do Pico, Açores",Açores,37.4428,-25.404
1281,9931,"Lajes do Pico, Açores",Açores,37.4428,-25.404
1282,9934,"Lajes do Pico, Açores",Açores,37.4428,-25.404
1283,9940,"Prainha, São Roque do Pico, Açores",Açores,37.4428,-25.404
1284,9941,"São Roque do Pico, Açores",Açores,37.4428,-25.404
1285,9944,"São Roque do Pico, Açores",Açores,37.4428,-25.404
1286,9950,"Madalena, Açores",Açores,37.4428,-25.404
1287,9951,"Madalena, Açores",Açores,37.4428,-25.404
1288,9960,"Santa Cruz das Flores, Açores",Açores,37.4428,-25.404
1289,9961,"Santa Cruz das Flores, Açores",Açores,37.4428,-25.404
1290,9970,"Santa Cruz das Flores, Açores",Açores,37.4428,-25.404
1291,9971,"Santa Cruz das Flores, Açores",Açores,37.4428,-25.404
1292,9980,"Corvo, Açores",Açores,37.4428,-25.404
